environment,company_id,month,transaction_count,transaction_volume_usd,top5_customer_concentration_pct,anomaly_flag
Stable Market,OXC-001,2024-08-01,1475,225975.0,0.36,0
Stable Market,OXC-001,2024-09-01,868,201776.0,0.33,0
Stable Market,OXC-001,2024-10-01,1563,220668.0,0.35,0
Stable Market,OXC-001,2024-11-01,659,186502.0,0.22,0
Stable Market,OXC-001,2024-12-01,532,200591.0,0.45,0
Stable Market,OXC-001,2025-01-01,1246,201207.0,0.34,0
Stable Market,OXC-001,2025-02-01,629,227608.0,0.22,0
Stable Market,OXC-001,2025-03-01,591,191789.0,0.44,0
Stable Market,OXC-001,2025-04-01,1033,210710.0,0.29,0
Stable Market,OXC-001,2025-05-01,1458,224253.0,0.3,0
Stable Market,OXC-001,2025-06-01,1254,247033.0,0.39,0
Stable Market,OXC-001,2025-07-01,1303,266105.0,0.18,0
Stable Market,OXC-001,2025-08-01,1302,229161.0,0.31,0
Stable Market,OXC-001,2025-09-01,689,284036.0,0.39,0
Stable Market,OXC-001,2025-10-01,654,255277.0,0.28,0
Stable Market,OXC-001,2025-11-01,656,265006.0,0.37,0
Stable Market,OXC-001,2025-12-01,639,238347.0,0.27,0
Stable Market,OXC-001,2026-01-01,674,255151.0,0.4,0
Stable Market,OXC-001,2026-02-01,614,216044.0,0.34,0
Stable Market,OXC-001,2026-03-01,688,251508.0,0.25,1
Stable Market,OXC-001,2026-04-01,1486,244595.0,0.18,0
Stable Market,OXC-001,2026-05-01,619,228024.0,0.31,0
Stable Market,OXC-001,2026-06-01,1299,214477.0,0.35,0
Stable Market,OXC-001,2026-07-01,1515,231636.0,0.39,0
Stable Market,OXC-002,2024-08-01,773,116379.0,0.2,0
Stable Market,OXC-002,2024-09-01,301,111982.0,0.31,0
Stable Market,OXC-002,2024-10-01,281,105291.0,0.29,0
Stable Market,OXC-002,2024-11-01,253,101862.0,0.22,0
Stable Market,OXC-002,2024-12-01,267,113326.0,0.31,0
Stable Market,OXC-002,2025-01-01,314,110138.0,0.36,1
Stable Market,OXC-002,2025-02-01,513,112909.0,0.22,0
Stable Market,OXC-002,2025-03-01,423,106834.0,0.26,0
Stable Market,OXC-002,2025-04-01,317,106665.0,0.27,0
Stable Market,OXC-002,2025-05-01,692,124827.0,0.24,0
Stable Market,OXC-002,2025-06-01,523,119382.0,0.25,0
Stable Market,OXC-002,2025-07-01,432,126350.0,0.42,0
Stable Market,OXC-002,2025-08-01,400,117127.0,0.18,0
Stable Market,OXC-002,2025-09-01,650,124361.0,0.43,0
Stable Market,OXC-002,2025-10-01,360,116059.0,0.33,0
Stable Market,OXC-002,2025-11-01,818,122453.0,0.4,0
Stable Market,OXC-002,2025-12-01,317,112237.0,0.39,0
Stable Market,OXC-002,2026-01-01,542,112662.0,0.3,0
Stable Market,OXC-002,2026-02-01,281,118485.0,0.42,0
Stable Market,OXC-002,2026-03-01,818,125589.0,0.3,0
Stable Market,OXC-002,2026-04-01,429,130473.0,0.47,0
Stable Market,OXC-002,2026-05-01,911,128702.0,0.31,0
Stable Market,OXC-002,2026-06-01,595,141135.0,0.29,0
Stable Market,OXC-002,2026-07-01,846,122775.0,0.42,0
Stable Market,OXC-003,2024-08-01,492,161671.0,0.22,0
Stable Market,OXC-003,2024-09-01,769,152843.0,0.35,0
Stable Market,OXC-003,2024-10-01,449,160287.0,0.31,0
Stable Market,OXC-003,2024-11-01,699,177026.0,0.41,0
Stable Market,OXC-003,2024-12-01,732,160309.0,0.24,0
Stable Market,OXC-003,2025-01-01,384,156495.0,0.31,0
Stable Market,OXC-003,2025-02-01,788,184210.0,0.31,0
Stable Market,OXC-003,2025-03-01,637,167589.0,0.39,0
Stable Market,OXC-003,2025-04-01,421,155101.0,0.3,0
Stable Market,OXC-003,2025-05-01,641,170646.0,0.5,0
Stable Market,OXC-003,2025-06-01,901,165729.0,0.2,0
Stable Market,OXC-003,2025-07-01,494,181291.0,0.23,0
Stable Market,OXC-003,2025-08-01,902,174385.0,0.26,0
Stable Market,OXC-003,2025-09-01,909,154208.0,0.29,0
Stable Market,OXC-003,2025-10-01,557,136805.0,0.27,0
Stable Market,OXC-003,2025-11-01,428,142348.0,0.36,0
Stable Market,OXC-003,2025-12-01,732,144409.0,0.3,0
Stable Market,OXC-003,2026-01-01,489,155767.0,0.18,0
Stable Market,OXC-003,2026-02-01,557,148891.0,0.32,0
Stable Market,OXC-003,2026-03-01,786,164978.0,0.3,0
Stable Market,OXC-003,2026-04-01,778,169989.0,0.35,0
Stable Market,OXC-003,2026-05-01,1228,188262.0,0.32,0
Stable Market,OXC-003,2026-06-01,1110,201628.0,0.43,1
Stable Market,OXC-003,2026-07-01,562,216060.0,0.28,0
Stable Market,OXC-004,2024-08-01,1216,177824.0,0.22,0
Stable Market,OXC-004,2024-09-01,934,208925.0,0.23,0
Stable Market,OXC-004,2024-10-01,1499,204468.0,0.32,0
Stable Market,OXC-004,2024-11-01,1040,219491.0,0.23,0
Stable Market,OXC-004,2024-12-01,1194,193123.0,0.33,0
Stable Market,OXC-004,2025-01-01,536,230966.0,0.38,0
Stable Market,OXC-004,2025-02-01,1208,223859.0,0.4,0
Stable Market,OXC-004,2025-03-01,1616,233982.0,0.34,0
Stable Market,OXC-004,2025-04-01,567,203304.0,0.37,0
Stable Market,OXC-004,2025-05-01,795,179439.0,0.24,0
Stable Market,OXC-004,2025-06-01,617,175751.0,0.5,0
Stable Market,OXC-004,2025-07-01,761,146904.0,0.74,1
Stable Market,OXC-004,2025-08-01,317,128370.0,0.95,0
Stable Market,OXC-004,2025-09-01,354,96826.0,0.96,1
Stable Market,OXC-004,2025-10-01,300,91596.0,0.96,1
Stable Market,OXC-004,2025-11-01,197,62316.0,0.96,0
Stable Market,OXC-004,2025-12-01,246,43726.0,0.96,0
Stable Market,OXC-004,2026-01-01,166,28091.0,0.96,0
Stable Market,OXC-004,2026-02-01,47,17082.0,0.96,1
Stable Market,OXC-004,2026-03-01,27,9994.0,0.96,1
Stable Market,OXC-004,2026-04-01,13,5510.0,0.96,0
Stable Market,OXC-004,2026-05-01,12,2911.0,0.96,0
Stable Market,OXC-004,2026-06-01,15,2865.0,0.96,1
Stable Market,OXC-004,2026-07-01,8,2833.0,0.96,0
Stable Market,OXC-005,2024-08-01,611,214065.0,0.43,1
Stable Market,OXC-005,2024-09-01,1148,184969.0,0.4,0
Stable Market,OXC-005,2024-10-01,554,210079.0,0.16,0
Stable Market,OXC-005,2024-11-01,654,214276.0,0.37,0
Stable Market,OXC-005,2024-12-01,703,231758.0,0.29,0
Stable Market,OXC-005,2025-01-01,1418,214598.0,0.51,0
Stable Market,OXC-005,2025-02-01,856,196732.0,0.37,1
Stable Market,OXC-005,2025-03-01,462,200566.0,0.42,0
Stable Market,OXC-005,2025-04-01,625,189063.0,0.21,0
Stable Market,OXC-005,2025-05-01,446,186971.0,0.2,0
Stable Market,OXC-005,2025-06-01,777,197286.0,0.59,0
Stable Market,OXC-005,2025-07-01,930,168513.0,0.66,1
Stable Market,OXC-005,2025-08-01,547,162793.0,0.9,0
Stable Market,OXC-005,2025-09-01,740,132521.0,0.96,1
Stable Market,OXC-005,2025-10-01,648,107948.0,0.96,0
Stable Market,OXC-005,2025-11-01,474,76818.0,0.96,0
Stable Market,OXC-005,2025-12-01,194,55633.0,0.96,1
Stable Market,OXC-005,2026-01-01,131,39795.0,0.96,1
Stable Market,OXC-005,2026-02-01,66,19318.0,0.96,0
Stable Market,OXC-005,2026-03-01,64,10177.0,0.96,0
Stable Market,OXC-005,2026-04-01,24,4268.0,0.96,1
Stable Market,OXC-005,2026-05-01,11,2980.0,0.96,1
Stable Market,OXC-005,2026-06-01,7,3067.0,0.96,1
Stable Market,OXC-005,2026-07-01,12,3133.0,0.96,1
Stable Market,OXC-006,2024-08-01,908,127958.0,0.25,0
Stable Market,OXC-006,2024-09-01,570,129804.0,0.41,0
Stable Market,OXC-006,2024-10-01,328,123802.0,0.36,0
Stable Market,OXC-006,2024-11-01,470,132262.0,0.34,0
Stable Market,OXC-006,2024-12-01,719,136368.0,0.43,0
Stable Market,OXC-006,2025-01-01,375,140559.0,0.38,0
Stable Market,OXC-006,2025-02-01,371,144704.0,0.47,0
Stable Market,OXC-006,2025-03-01,728,133416.0,0.33,0
Stable Market,OXC-006,2025-04-01,605,140327.0,0.46,0
Stable Market,OXC-006,2025-05-01,394,143664.0,0.3,0
Stable Market,OXC-006,2025-06-01,365,130026.0,0.25,0
Stable Market,OXC-006,2025-07-01,782,117196.0,0.2,0
Stable Market,OXC-006,2025-08-01,526,103310.0,0.41,0
Stable Market,OXC-006,2025-09-01,316,113474.0,0.39,0
Stable Market,OXC-006,2025-10-01,354,108220.0,0.22,0
Stable Market,OXC-006,2025-11-01,606,122108.0,0.4,0
Stable Market,OXC-006,2025-12-01,405,119403.0,0.25,0
Stable Market,OXC-006,2026-01-01,619,122084.0,0.23,0
Stable Market,OXC-006,2026-02-01,572,119220.0,0.41,0
Stable Market,OXC-006,2026-03-01,454,131054.0,0.28,0
Stable Market,OXC-006,2026-04-01,293,119873.0,0.37,0
Stable Market,OXC-006,2026-05-01,305,131064.0,0.28,0
Stable Market,OXC-006,2026-06-01,329,116933.0,0.34,0
Stable Market,OXC-006,2026-07-01,711,133861.0,0.26,0
Stable Market,OXC-007,2024-08-01,299,66559.0,0.28,0
Stable Market,OXC-007,2024-09-01,173,64066.0,0.4,1
Stable Market,OXC-007,2024-10-01,264,67044.0,0.48,0
Stable Market,OXC-007,2024-11-01,216,65076.0,0.45,0
Stable Market,OXC-007,2024-12-01,364,70232.0,0.24,0
Stable Market,OXC-007,2025-01-01,223,69587.0,0.28,0
Stable Market,OXC-007,2025-02-01,160,68735.0,0.26,0
Stable Market,OXC-007,2025-03-01,198,72038.0,0.42,0
Stable Market,OXC-007,2025-04-01,255,66069.0,0.38,1
Stable Market,OXC-007,2025-05-01,464,76982.0,0.41,0
Stable Market,OXC-007,2025-06-01,302,72614.0,0.21,0
Stable Market,OXC-007,2025-07-01,240,73145.0,0.35,0
Stable Market,OXC-007,2025-08-01,217,83164.0,0.26,0
Stable Market,OXC-007,2025-09-01,349,73979.0,0.31,0
Stable Market,OXC-007,2025-10-01,578,83919.0,0.41,0
Stable Market,OXC-007,2025-11-01,224,78513.0,0.25,0
Stable Market,OXC-007,2025-12-01,502,91421.0,0.35,0
Stable Market,OXC-007,2026-01-01,480,79217.0,0.3,0
Stable Market,OXC-007,2026-02-01,397,84213.0,0.3,0
Stable Market,OXC-007,2026-03-01,451,78091.0,0.26,0
Stable Market,OXC-007,2026-04-01,313,84186.0,0.35,0
Stable Market,OXC-007,2026-05-01,320,78225.0,0.32,0
Stable Market,OXC-007,2026-06-01,519,81227.0,0.28,0
Stable Market,OXC-007,2026-07-01,190,76631.0,0.49,0
Stable Market,OXC-008,2024-08-01,588,195298.0,0.4,0
Stable Market,OXC-008,2024-09-01,712,206506.0,0.22,0
Stable Market,OXC-008,2024-10-01,1011,197989.0,0.25,0
Stable Market,OXC-008,2024-11-01,818,195597.0,0.37,0
Stable Market,OXC-008,2024-12-01,546,211395.0,0.41,0
Stable Market,OXC-008,2025-01-01,801,188149.0,0.41,0
Stable Market,OXC-008,2025-02-01,645,204654.0,0.39,0
Stable Market,OXC-008,2025-03-01,632,214649.0,0.37,0
Stable Market,OXC-008,2025-04-01,712,211234.0,0.21,0
Stable Market,OXC-008,2025-05-01,689,215747.0,0.25,0
Stable Market,OXC-008,2025-06-01,645,178577.0,0.36,0
Stable Market,OXC-008,2025-07-01,1412,211299.0,0.29,0
Stable Market,OXC-008,2025-08-01,1268,239096.0,0.39,0
Stable Market,OXC-008,2025-09-01,711,224292.0,0.27,0
Stable Market,OXC-008,2025-10-01,780,237905.0,0.18,0
Stable Market,OXC-008,2025-11-01,875,243240.0,0.36,0
Stable Market,OXC-008,2025-12-01,1155,254871.0,0.35,0
Stable Market,OXC-008,2026-01-01,738,250445.0,0.26,0
Stable Market,OXC-008,2026-02-01,668,278871.0,0.26,0
Stable Market,OXC-008,2026-03-01,845,252511.0,0.33,0
Stable Market,OXC-008,2026-04-01,925,271944.0,0.45,0
Stable Market,OXC-008,2026-05-01,1317,273422.0,0.29,0
Stable Market,OXC-008,2026-06-01,674,256064.0,0.25,0
Stable Market,OXC-008,2026-07-01,829,271482.0,0.28,0
Stable Market,OXC-009,2024-08-01,637,156116.0,0.32,0
Stable Market,OXC-009,2024-09-01,638,170338.0,0.36,0
Stable Market,OXC-009,2024-10-01,542,182588.0,0.35,0
Stable Market,OXC-009,2024-11-01,731,182105.0,0.25,0
Stable Market,OXC-009,2024-12-01,551,175803.0,0.7,1
Stable Market,OXC-009,2025-01-01,880,162488.0,0.63,1
Stable Market,OXC-009,2025-02-01,378,132186.0,0.96,0
Stable Market,OXC-009,2025-03-01,400,117254.0,0.96,1
Stable Market,OXC-009,2025-04-01,447,83644.0,0.96,1
Stable Market,OXC-009,2025-05-01,195,64402.0,0.96,0
Stable Market,OXC-009,2025-06-01,240,42251.0,0.96,1
Stable Market,OXC-009,2025-07-01,85,26962.0,0.96,1
Stable Market,OXC-009,2025-08-01,49,18307.0,0.96,1
Stable Market,OXC-009,2025-09-01,29,9871.0,0.96,1
Stable Market,OXC-009,2025-10-01,14,5113.0,0.96,1
Stable Market,OXC-009,2025-11-01,8,3152.0,0.96,1
Stable Market,OXC-009,2025-12-01,13,2968.0,0.96,0
Stable Market,OXC-009,2026-01-01,8,3057.0,0.96,1
Stable Market,OXC-009,2026-02-01,17,3099.0,0.96,0
Stable Market,OXC-009,2026-03-01,21,3015.0,0.96,1
Stable Market,OXC-009,2026-04-01,7,2960.0,0.96,1
Stable Market,OXC-009,2026-05-01,16,2734.0,0.96,1
Stable Market,OXC-009,2026-06-01,7,2952.0,0.96,1
Stable Market,OXC-009,2026-07-01,7,3004.0,0.96,1
Stable Market,OXC-010,2024-08-01,577,126905.0,0.32,0
Stable Market,OXC-010,2024-09-01,429,117148.0,0.34,0
Stable Market,OXC-010,2024-10-01,502,143443.0,0.36,0
Stable Market,OXC-010,2024-11-01,337,138803.0,0.4,0
Stable Market,OXC-010,2024-12-01,778,123277.0,0.34,1
Stable Market,OXC-010,2025-01-01,639,119638.0,0.34,0
Stable Market,OXC-010,2025-02-01,850,127154.0,0.4,0
Stable Market,OXC-010,2025-03-01,301,107128.0,0.41,0
Stable Market,OXC-010,2025-04-01,403,104906.0,0.3,0
Stable Market,OXC-010,2025-05-01,549,111486.0,0.4,0
Stable Market,OXC-010,2025-06-01,733,111287.0,0.22,0
Stable Market,OXC-010,2025-07-01,295,110051.0,0.33,0
Stable Market,OXC-010,2025-08-01,343,124429.0,0.25,0
Stable Market,OXC-010,2025-09-01,389,121449.0,0.27,0
Stable Market,OXC-010,2025-10-01,415,113283.0,0.32,0
Stable Market,OXC-010,2025-11-01,811,116088.0,0.18,0
Stable Market,OXC-010,2025-12-01,438,130444.0,0.16,0
Stable Market,OXC-010,2026-01-01,899,125998.0,0.31,0
Stable Market,OXC-010,2026-02-01,470,106337.0,0.43,0
Stable Market,OXC-010,2026-03-01,461,114858.0,0.27,1
Stable Market,OXC-010,2026-04-01,512,137904.0,0.43,0
Stable Market,OXC-010,2026-05-01,802,122332.0,0.28,0
Stable Market,OXC-010,2026-06-01,281,111086.0,0.42,0
Stable Market,OXC-010,2026-07-01,356,126835.0,0.44,1
Stable Market,OXC-011,2024-08-01,503,151803.0,0.37,0
Stable Market,OXC-011,2024-09-01,887,150615.0,0.48,0
Stable Market,OXC-011,2024-10-01,307,123651.0,0.33,0
Stable Market,OXC-011,2024-11-01,314,119603.0,0.42,1
Stable Market,OXC-011,2024-12-01,777,111649.0,0.26,0
Stable Market,OXC-011,2025-01-01,664,110082.0,0.43,1
Stable Market,OXC-011,2025-02-01,867,121338.0,0.35,0
Stable Market,OXC-011,2025-03-01,327,119831.0,0.31,0
Stable Market,OXC-011,2025-04-01,923,135486.0,0.39,0
Stable Market,OXC-011,2025-05-01,756,136707.0,0.27,0
Stable Market,OXC-011,2025-06-01,789,115154.0,0.3,0
Stable Market,OXC-011,2025-07-01,497,124187.0,0.23,0
Stable Market,OXC-011,2025-08-01,571,125541.0,0.39,0
Stable Market,OXC-011,2025-09-01,507,128969.0,0.25,1
Stable Market,OXC-011,2025-10-01,445,128200.0,0.36,0
Stable Market,OXC-011,2025-11-01,429,146441.0,0.37,0
Stable Market,OXC-011,2025-12-01,605,140183.0,0.39,0
Stable Market,OXC-011,2026-01-01,679,144958.0,0.43,0
Stable Market,OXC-011,2026-02-01,408,135066.0,0.13,0
Stable Market,OXC-011,2026-03-01,921,148061.0,0.36,0
Stable Market,OXC-011,2026-04-01,629,123964.0,0.38,0
Stable Market,OXC-011,2026-05-01,356,145403.0,0.19,0
Stable Market,OXC-011,2026-06-01,489,141264.0,0.26,0
Stable Market,OXC-011,2026-07-01,353,137181.0,0.33,0
Stable Market,OXC-012,2024-08-01,930,154592.0,0.32,0
Stable Market,OXC-012,2024-09-01,400,140073.0,0.41,0
Stable Market,OXC-012,2024-10-01,476,164721.0,0.4,0
Stable Market,OXC-012,2024-11-01,445,174507.0,0.26,0
Stable Market,OXC-012,2024-12-01,456,158902.0,0.35,0
Stable Market,OXC-012,2025-01-01,617,157735.0,0.4,0
Stable Market,OXC-012,2025-02-01,944,158332.0,0.23,0
Stable Market,OXC-012,2025-03-01,685,184621.0,0.2,0
Stable Market,OXC-012,2025-04-01,402,165267.0,0.42,0
Stable Market,OXC-012,2025-05-01,769,164308.0,0.28,0
Stable Market,OXC-012,2025-06-01,433,189524.0,0.28,0
Stable Market,OXC-012,2025-07-01,762,168717.0,0.37,0
Stable Market,OXC-012,2025-08-01,446,160545.0,0.25,0
Stable Market,OXC-012,2025-09-01,468,165631.0,0.37,0
Stable Market,OXC-012,2025-10-01,954,184492.0,0.39,0
Stable Market,OXC-012,2025-11-01,503,169964.0,0.31,0
Stable Market,OXC-012,2025-12-01,603,149148.0,0.26,0
Stable Market,OXC-012,2026-01-01,650,141258.0,0.24,0
Stable Market,OXC-012,2026-02-01,500,170011.0,0.34,0
Stable Market,OXC-012,2026-03-01,440,155930.0,0.44,0
Stable Market,OXC-012,2026-04-01,518,166092.0,0.37,1
Stable Market,OXC-012,2026-05-01,883,168447.0,0.43,0
Stable Market,OXC-012,2026-06-01,637,176902.0,0.46,0
Stable Market,OXC-012,2026-07-01,439,173138.0,0.3,0
Stable Market,OXC-013,2024-08-01,517,132105.0,0.41,0
Stable Market,OXC-013,2024-09-01,542,147527.0,0.36,0
Stable Market,OXC-013,2024-10-01,374,163457.0,0.4,0
Stable Market,OXC-013,2024-11-01,452,153298.0,0.45,0
Stable Market,OXC-013,2024-12-01,735,136769.0,0.36,0
Stable Market,OXC-013,2025-01-01,607,150073.0,0.43,0
Stable Market,OXC-013,2025-02-01,435,156681.0,0.4,0
Stable Market,OXC-013,2025-03-01,372,150341.0,0.41,0
Stable Market,OXC-013,2025-04-01,589,166947.0,0.37,0
Stable Market,OXC-013,2025-05-01,405,157269.0,0.36,0
Stable Market,OXC-013,2025-06-01,563,170223.0,0.22,0
Stable Market,OXC-013,2025-07-01,573,153555.0,0.49,0
Stable Market,OXC-013,2025-08-01,433,137160.0,0.3,1
Stable Market,OXC-013,2025-09-01,402,163926.0,0.4,1
Stable Market,OXC-013,2025-10-01,1052,158579.0,0.3,0
Stable Market,OXC-013,2025-11-01,504,165563.0,0.27,1
Stable Market,OXC-013,2025-12-01,695,169139.0,0.35,0
Stable Market,OXC-013,2026-01-01,377,133685.0,0.32,0
Stable Market,OXC-013,2026-02-01,379,144837.0,0.25,0
Stable Market,OXC-013,2026-03-01,675,144225.0,0.42,0
Stable Market,OXC-013,2026-04-01,364,160259.0,0.29,0
Stable Market,OXC-013,2026-05-01,406,142861.0,0.38,0
Stable Market,OXC-013,2026-06-01,561,134901.0,0.43,0
Stable Market,OXC-013,2026-07-01,352,123527.0,0.33,0
Stable Market,OXC-014,2024-08-01,423,146936.0,0.33,0
Stable Market,OXC-014,2024-09-01,393,165638.0,0.23,0
Stable Market,OXC-014,2024-10-01,721,148811.0,0.36,0
Stable Market,OXC-014,2024-11-01,454,149196.0,0.31,0
Stable Market,OXC-014,2024-12-01,970,140396.0,0.22,0
Stable Market,OXC-014,2025-01-01,916,154152.0,0.3,0
Stable Market,OXC-014,2025-02-01,356,138029.0,0.31,0
Stable Market,OXC-014,2025-03-01,961,155019.0,0.31,0
Stable Market,OXC-014,2025-04-01,752,139035.0,0.48,0
Stable Market,OXC-014,2025-05-01,445,147229.0,0.23,0
Stable Market,OXC-014,2025-06-01,681,130823.0,0.32,0
Stable Market,OXC-014,2025-07-01,389,161304.0,0.25,0
Stable Market,OXC-014,2025-08-01,943,132245.0,0.24,0
Stable Market,OXC-014,2025-09-01,950,152900.0,0.27,0
Stable Market,OXC-014,2025-10-01,484,166391.0,0.3,0
Stable Market,OXC-014,2025-11-01,666,176707.0,0.35,0
Stable Market,OXC-014,2025-12-01,944,169251.0,0.2,0
Stable Market,OXC-014,2026-01-01,843,191921.0,0.29,0
Stable Market,OXC-014,2026-02-01,689,197681.0,0.3,0
Stable Market,OXC-014,2026-03-01,1230,208768.0,0.45,0
Stable Market,OXC-014,2026-04-01,474,177436.0,0.44,0
Stable Market,OXC-014,2026-05-01,481,182257.0,0.36,0
Stable Market,OXC-014,2026-06-01,522,186864.0,0.46,0
Stable Market,OXC-014,2026-07-01,508,178752.0,0.28,0
Stable Market,OXC-015,2024-08-01,413,89923.0,0.39,0
Stable Market,OXC-015,2024-09-01,267,92465.0,0.33,0
Stable Market,OXC-015,2024-10-01,366,87596.0,0.3,0
Stable Market,OXC-015,2024-11-01,427,87641.0,0.38,0
Stable Market,OXC-015,2024-12-01,384,89406.0,0.22,1
Stable Market,OXC-015,2025-01-01,413,93085.0,0.33,0
Stable Market,OXC-015,2025-02-01,342,89108.0,0.37,0
Stable Market,OXC-015,2025-03-01,465,85009.0,0.33,0
Stable Market,OXC-015,2025-04-01,439,92447.0,0.25,0
Stable Market,OXC-015,2025-05-01,232,79821.0,0.28,0
Stable Market,OXC-015,2025-06-01,263,69094.0,0.19,0
Stable Market,OXC-015,2025-07-01,363,77390.0,0.35,0
Stable Market,OXC-015,2025-08-01,432,83951.0,0.4,0
Stable Market,OXC-015,2025-09-01,230,74177.0,0.22,1
Stable Market,OXC-015,2025-10-01,212,79182.0,0.41,0
Stable Market,OXC-015,2025-11-01,358,80114.0,0.47,1
Stable Market,OXC-015,2025-12-01,393,74772.0,0.38,0
Stable Market,OXC-015,2026-01-01,190,65694.0,0.61,0
Stable Market,OXC-015,2026-02-01,159,62681.0,0.7,1
Stable Market,OXC-015,2026-03-01,372,53137.0,0.67,1
Stable Market,OXC-015,2026-04-01,166,66499.0,0.47,0
Stable Market,OXC-015,2026-05-01,158,62162.0,0.3,0
Stable Market,OXC-015,2026-06-01,159,60047.0,0.21,0
Stable Market,OXC-015,2026-07-01,235,64358.0,0.38,0
Realistic Baseline,OXC-001,2024-08-01,722,142772.0,0.26,0
Realistic Baseline,OXC-001,2024-09-01,798,104552.0,0.14,0
Realistic Baseline,OXC-001,2024-10-01,300,155992.0,0.21,0
Realistic Baseline,OXC-001,2024-11-01,746,134902.0,0.23,1
Realistic Baseline,OXC-001,2024-12-01,538,142679.0,0.24,0
Realistic Baseline,OXC-001,2025-01-01,455,92715.0,0.28,0
Realistic Baseline,OXC-001,2025-02-01,432,123108.0,0.3,0
Realistic Baseline,OXC-001,2025-03-01,662,131253.0,0.57,0
Realistic Baseline,OXC-001,2025-04-01,321,121194.0,0.73,0
Realistic Baseline,OXC-001,2025-05-01,273,87055.0,0.96,0
Realistic Baseline,OXC-001,2025-06-01,231,105516.0,0.96,1
Realistic Baseline,OXC-001,2025-07-01,278,94455.0,0.96,0
Realistic Baseline,OXC-001,2025-08-01,174,54030.0,0.96,0
Realistic Baseline,OXC-001,2025-09-01,113,39113.0,0.96,0
Realistic Baseline,OXC-001,2025-10-01,149,20766.0,0.96,1
Realistic Baseline,OXC-001,2025-11-01,135,20469.0,0.96,0
Realistic Baseline,OXC-001,2025-12-01,44,11368.0,0.96,0
Realistic Baseline,OXC-001,2026-01-01,47,7122.0,0.96,1
Realistic Baseline,OXC-001,2026-02-01,25,5849.0,0.96,1
Realistic Baseline,OXC-001,2026-03-01,8,3182.0,0.96,1
Realistic Baseline,OXC-001,2026-04-01,16,3222.0,0.96,1
Realistic Baseline,OXC-001,2026-05-01,10,2884.0,0.96,0
Realistic Baseline,OXC-001,2026-06-01,10,3179.0,0.96,0
Realistic Baseline,OXC-001,2026-07-01,14,2907.0,0.96,0
Realistic Baseline,OXC-002,2024-08-01,1330,235250.0,0.3,0
Realistic Baseline,OXC-002,2024-09-01,660,188469.0,0.5,0
Realistic Baseline,OXC-002,2024-10-01,1210,175401.0,0.4,0
Realistic Baseline,OXC-002,2024-11-01,1419,188424.0,0.38,0
Realistic Baseline,OXC-002,2024-12-01,442,154828.0,0.4,0
Realistic Baseline,OXC-002,2025-01-01,874,226930.0,0.32,0
Realistic Baseline,OXC-002,2025-02-01,507,193063.0,0.4,0
Realistic Baseline,OXC-002,2025-03-01,711,183316.0,0.2,0
Realistic Baseline,OXC-002,2025-04-01,574,223094.0,0.29,0
Realistic Baseline,OXC-002,2025-05-01,517,209674.0,0.43,0
Realistic Baseline,OXC-002,2025-06-01,1288,211166.0,0.22,0
Realistic Baseline,OXC-002,2025-07-01,1360,256154.0,0.33,0
Realistic Baseline,OXC-002,2025-08-01,398,173982.0,0.41,0
Realistic Baseline,OXC-002,2025-09-01,608,169624.0,0.37,0
Realistic Baseline,OXC-002,2025-10-01,469,166476.0,0.4,0
Realistic Baseline,OXC-002,2025-11-01,439,190952.0,0.34,0
Realistic Baseline,OXC-002,2025-12-01,683,187595.0,0.39,0
Realistic Baseline,OXC-002,2026-01-01,631,128129.0,0.27,0
Realistic Baseline,OXC-002,2026-02-01,540,116889.0,0.24,0
Realistic Baseline,OXC-002,2026-03-01,455,141774.0,0.2,0
Realistic Baseline,OXC-002,2026-04-01,313,118317.0,0.22,0
Realistic Baseline,OXC-002,2026-05-01,292,120935.0,0.46,0
Realistic Baseline,OXC-002,2026-06-01,318,107006.0,0.29,0
Realistic Baseline,OXC-002,2026-07-01,274,95419.0,0.48,0
Realistic Baseline,OXC-003,2024-08-01,620,196845.0,0.39,0
Realistic Baseline,OXC-003,2024-09-01,732,188467.0,0.38,0
Realistic Baseline,OXC-003,2024-10-01,1240,169447.0,0.33,0
Realistic Baseline,OXC-003,2024-11-01,491,175160.0,0.37,0
Realistic Baseline,OXC-003,2024-12-01,920,222608.0,0.31,0
Realistic Baseline,OXC-003,2025-01-01,1113,199592.0,0.31,0
Realistic Baseline,OXC-003,2025-02-01,410,183670.0,0.48,0
Realistic Baseline,OXC-003,2025-03-01,392,178166.0,0.75,1
Realistic Baseline,OXC-003,2025-04-01,516,107425.0,0.78,0
Realistic Baseline,OXC-003,2025-05-01,308,111846.0,0.96,0
Realistic Baseline,OXC-003,2025-06-01,240,109053.0,0.94,0
Realistic Baseline,OXC-003,2025-07-01,221,82045.0,0.96,0
Realistic Baseline,OXC-003,2025-08-01,259,49003.0,0.96,0
Realistic Baseline,OXC-003,2025-09-01,167,46620.0,0.96,1
Realistic Baseline,OXC-003,2025-10-01,197,39359.0,0.96,1
Realistic Baseline,OXC-003,2025-11-01,54,24559.0,0.96,1
Realistic Baseline,OXC-003,2025-12-01,42,18793.0,0.96,1
Realistic Baseline,OXC-003,2026-01-01,33,8592.0,0.96,0
Realistic Baseline,OXC-003,2026-02-01,27,5977.0,0.96,1
Realistic Baseline,OXC-003,2026-03-01,11,3861.0,0.96,0
Realistic Baseline,OXC-003,2026-04-01,8,3090.0,0.96,0
Realistic Baseline,OXC-003,2026-05-01,18,3038.0,0.96,1
Realistic Baseline,OXC-003,2026-06-01,9,3207.0,0.96,0
Realistic Baseline,OXC-003,2026-07-01,11,3087.0,0.96,1
Realistic Baseline,OXC-004,2024-08-01,261,65903.0,0.42,0
Realistic Baseline,OXC-004,2024-09-01,189,68872.0,0.33,0
Realistic Baseline,OXC-004,2024-10-01,155,58722.0,0.34,1
Realistic Baseline,OXC-004,2024-11-01,316,62570.0,0.33,0
Realistic Baseline,OXC-004,2024-12-01,245,48235.0,0.38,0
Realistic Baseline,OXC-004,2025-01-01,206,51791.0,0.39,0
Realistic Baseline,OXC-004,2025-02-01,127,40560.0,0.38,0
Realistic Baseline,OXC-004,2025-03-01,202,39179.0,0.46,0
Realistic Baseline,OXC-004,2025-04-01,162,44834.0,0.58,0
Realistic Baseline,OXC-004,2025-05-01,251,43041.0,0.77,0
Realistic Baseline,OXC-004,2025-06-01,146,31698.0,0.77,0
Realistic Baseline,OXC-004,2025-07-01,174,38691.0,0.96,0
Realistic Baseline,OXC-004,2025-08-01,84,33960.0,0.96,0
Realistic Baseline,OXC-004,2025-09-01,89,17350.0,0.96,0
Realistic Baseline,OXC-004,2025-10-01,36,14274.0,0.96,0
Realistic Baseline,OXC-004,2025-11-01,34,10225.0,0.96,1
Realistic Baseline,OXC-004,2025-12-01,27,9388.0,0.96,0
Realistic Baseline,OXC-004,2026-01-01,14,5311.0,0.96,1
Realistic Baseline,OXC-004,2026-02-01,15,3394.0,0.96,0
Realistic Baseline,OXC-004,2026-03-01,12,3324.0,0.96,0
Realistic Baseline,OXC-004,2026-04-01,14,2653.0,0.96,0
Realistic Baseline,OXC-004,2026-05-01,9,3285.0,0.96,1
Realistic Baseline,OXC-004,2026-06-01,15,3559.0,0.96,0
Realistic Baseline,OXC-004,2026-07-01,9,2688.0,0.96,1
Realistic Baseline,OXC-005,2024-08-01,1003,154319.0,0.25,0
Realistic Baseline,OXC-005,2024-09-01,559,145273.0,0.5,0
Realistic Baseline,OXC-005,2024-10-01,349,122804.0,0.1,0
Realistic Baseline,OXC-005,2024-11-01,471,149552.0,0.35,0
Realistic Baseline,OXC-005,2024-12-01,568,131275.0,0.26,0
Realistic Baseline,OXC-005,2025-01-01,420,164266.0,0.31,0
Realistic Baseline,OXC-005,2025-02-01,385,124413.0,0.29,0
Realistic Baseline,OXC-005,2025-03-01,594,158046.0,0.33,0
Realistic Baseline,OXC-005,2025-04-01,389,132416.0,0.44,0
Realistic Baseline,OXC-005,2025-05-01,533,138119.0,0.33,0
Realistic Baseline,OXC-005,2025-06-01,373,152102.0,0.11,0
Realistic Baseline,OXC-005,2025-07-01,720,143370.0,0.36,0
Realistic Baseline,OXC-005,2025-08-01,735,133401.0,0.63,0
Realistic Baseline,OXC-005,2025-09-01,411,115312.0,0.28,0
Realistic Baseline,OXC-005,2025-10-01,306,105232.0,0.24,0
Realistic Baseline,OXC-005,2025-11-01,413,107247.0,0.58,1
Realistic Baseline,OXC-005,2025-12-01,322,89497.0,0.35,0
Realistic Baseline,OXC-005,2026-01-01,400,73903.0,0.27,0
Realistic Baseline,OXC-005,2026-02-01,281,99518.0,0.34,0
Realistic Baseline,OXC-005,2026-03-01,327,108357.0,0.44,0
Realistic Baseline,OXC-005,2026-04-01,350,109386.0,0.4,0
Realistic Baseline,OXC-005,2026-05-01,392,136402.0,0.3,0
Realistic Baseline,OXC-005,2026-06-01,664,103225.0,0.21,0
Realistic Baseline,OXC-005,2026-07-01,411,136448.0,0.26,0
Realistic Baseline,OXC-006,2024-08-01,763,115500.0,0.58,0
Realistic Baseline,OXC-006,2024-09-01,278,104683.0,0.35,0
Realistic Baseline,OXC-006,2024-10-01,262,104311.0,0.3,0
Realistic Baseline,OXC-006,2024-11-01,396,120945.0,0.43,1
Realistic Baseline,OXC-006,2024-12-01,384,140837.0,0.28,0
Realistic Baseline,OXC-006,2025-01-01,683,150997.0,0.4,0
Realistic Baseline,OXC-006,2025-02-01,516,117604.0,0.25,0
Realistic Baseline,OXC-006,2025-03-01,359,119670.0,0.48,0
Realistic Baseline,OXC-006,2025-04-01,393,107026.0,0.57,0
Realistic Baseline,OXC-006,2025-05-01,272,92276.0,0.75,1
Realistic Baseline,OXC-006,2025-06-01,453,114585.0,0.96,0
Realistic Baseline,OXC-006,2025-07-01,175,87971.0,0.96,1
Realistic Baseline,OXC-006,2025-08-01,202,67212.0,0.96,0
Realistic Baseline,OXC-006,2025-09-01,163,37666.0,0.96,1
Realistic Baseline,OXC-006,2025-10-01,102,27675.0,0.96,1
Realistic Baseline,OXC-006,2025-11-01,55,15589.0,0.96,1
Realistic Baseline,OXC-006,2025-12-01,25,8535.0,0.96,0
Realistic Baseline,OXC-006,2026-01-01,19,6807.0,0.96,1
Realistic Baseline,OXC-006,2026-02-01,9,3568.0,0.96,1
Realistic Baseline,OXC-006,2026-03-01,11,2631.0,0.96,0
Realistic Baseline,OXC-006,2026-04-01,8,2580.0,0.96,1
Realistic Baseline,OXC-006,2026-05-01,12,2848.0,0.96,1
Realistic Baseline,OXC-006,2026-06-01,20,3054.0,0.96,0
Realistic Baseline,OXC-006,2026-07-01,11,3183.0,0.96,1
Realistic Baseline,OXC-007,2024-08-01,385,124159.0,0.28,0
Realistic Baseline,OXC-007,2024-09-01,735,110264.0,0.37,0
Realistic Baseline,OXC-007,2024-10-01,984,118882.0,0.4,0
Realistic Baseline,OXC-007,2024-11-01,622,117056.0,0.36,0
Realistic Baseline,OXC-007,2024-12-01,290,106557.0,0.37,1
Realistic Baseline,OXC-007,2025-01-01,355,129888.0,0.44,0
Realistic Baseline,OXC-007,2025-02-01,651,136927.0,0.31,0
Realistic Baseline,OXC-007,2025-03-01,775,178167.0,0.2,0
Realistic Baseline,OXC-007,2025-04-01,542,157196.0,0.16,0
Realistic Baseline,OXC-007,2025-05-01,430,129566.0,0.1,0
Realistic Baseline,OXC-007,2025-06-01,538,159439.0,0.34,0
Realistic Baseline,OXC-007,2025-07-01,375,153674.0,0.23,0
Realistic Baseline,OXC-007,2025-08-01,406,140518.0,0.29,0
Realistic Baseline,OXC-007,2025-09-01,1266,209114.0,0.47,0
Realistic Baseline,OXC-007,2025-10-01,599,182293.0,0.49,0
Realistic Baseline,OXC-007,2025-11-01,985,201487.0,0.39,0
Realistic Baseline,OXC-007,2025-12-01,1036,221557.0,0.29,0
Realistic Baseline,OXC-007,2026-01-01,962,271360.0,0.3,0
Realistic Baseline,OXC-007,2026-02-01,696,230050.0,0.14,0
Realistic Baseline,OXC-007,2026-03-01,607,234156.0,0.27,0
Realistic Baseline,OXC-007,2026-04-01,756,246786.0,0.24,0
Realistic Baseline,OXC-007,2026-05-01,539,207964.0,0.47,0
Realistic Baseline,OXC-007,2026-06-01,670,238725.0,0.36,0
Realistic Baseline,OXC-007,2026-07-01,1159,183437.0,0.35,0
Realistic Baseline,OXC-008,2024-08-01,400,128519.0,0.17,0
Realistic Baseline,OXC-008,2024-09-01,415,131214.0,0.38,0
Realistic Baseline,OXC-008,2024-10-01,414,138740.0,0.4,0
Realistic Baseline,OXC-008,2024-11-01,865,158844.0,0.34,0
Realistic Baseline,OXC-008,2024-12-01,1038,189589.0,0.28,0
Realistic Baseline,OXC-008,2025-01-01,873,150098.0,0.42,0
Realistic Baseline,OXC-008,2025-02-01,598,108314.0,0.15,0
Realistic Baseline,OXC-008,2025-03-01,390,146055.0,0.33,0
Realistic Baseline,OXC-008,2025-04-01,839,119371.0,0.5,0
Realistic Baseline,OXC-008,2025-05-01,557,173363.0,0.5,0
Realistic Baseline,OXC-008,2025-06-01,597,156028.0,0.43,0
Realistic Baseline,OXC-008,2025-07-01,620,188629.0,0.28,0
Realistic Baseline,OXC-008,2025-08-01,1091,226825.0,0.25,0
Realistic Baseline,OXC-008,2025-09-01,635,192599.0,0.38,0
Realistic Baseline,OXC-008,2025-10-01,803,221220.0,0.22,0
Realistic Baseline,OXC-008,2025-11-01,630,193709.0,0.16,0
Realistic Baseline,OXC-008,2025-12-01,421,195205.0,0.37,0
Realistic Baseline,OXC-008,2026-01-01,553,190736.0,0.51,1
Realistic Baseline,OXC-008,2026-02-01,415,177651.0,0.38,0
Realistic Baseline,OXC-008,2026-03-01,481,149571.0,0.45,0
Realistic Baseline,OXC-008,2026-04-01,997,190980.0,0.43,0
Realistic Baseline,OXC-008,2026-05-01,844,176977.0,0.42,0
Realistic Baseline,OXC-008,2026-06-01,770,183786.0,0.21,0
Realistic Baseline,OXC-008,2026-07-01,853,212552.0,0.19,0
Realistic Baseline,OXC-009,2024-08-01,382,72452.0,0.37,0
Realistic Baseline,OXC-009,2024-09-01,352,80320.0,0.34,0
Realistic Baseline,OXC-009,2024-10-01,206,68074.0,0.26,0
Realistic Baseline,OXC-009,2024-11-01,193,56558.0,0.2,0
Realistic Baseline,OXC-009,2024-12-01,162,60425.0,0.37,0
Realistic Baseline,OXC-009,2025-01-01,197,61219.0,0.26,0
Realistic Baseline,OXC-009,2025-02-01,196,72174.0,0.29,0
Realistic Baseline,OXC-009,2025-03-01,351,72065.0,0.41,0
Realistic Baseline,OXC-009,2025-04-01,274,75079.0,0.22,0
Realistic Baseline,OXC-009,2025-05-01,241,67967.0,0.41,0
Realistic Baseline,OXC-009,2025-06-01,181,71486.0,0.56,0
Realistic Baseline,OXC-009,2025-07-01,156,65609.0,0.31,0
Realistic Baseline,OXC-009,2025-08-01,245,77134.0,0.11,0
Realistic Baseline,OXC-009,2025-09-01,395,71793.0,0.31,0
Realistic Baseline,OXC-009,2025-10-01,292,72630.0,0.59,0
Realistic Baseline,OXC-009,2025-11-01,153,53973.0,0.68,0
Realistic Baseline,OXC-009,2025-12-01,209,56016.0,0.96,0
Realistic Baseline,OXC-009,2026-01-01,204,47721.0,0.91,0
Realistic Baseline,OXC-009,2026-02-01,135,50976.0,0.96,0
Realistic Baseline,OXC-009,2026-03-01,94,36374.0,0.96,1
Realistic Baseline,OXC-009,2026-04-01,99,35948.0,0.96,0
Realistic Baseline,OXC-009,2026-05-01,75,25692.0,0.96,0
Realistic Baseline,OXC-009,2026-06-01,72,19169.0,0.96,0
Realistic Baseline,OXC-009,2026-07-01,61,12500.0,0.96,0
Realistic Baseline,OXC-010,2024-08-01,849,155277.0,0.18,0
Realistic Baseline,OXC-010,2024-09-01,874,166309.0,0.34,0
Realistic Baseline,OXC-010,2024-10-01,405,157415.0,0.46,0
Realistic Baseline,OXC-010,2024-11-01,1255,252853.0,0.38,0
Realistic Baseline,OXC-010,2024-12-01,498,173219.0,0.2,0
Realistic Baseline,OXC-010,2025-01-01,927,151148.0,0.26,0
Realistic Baseline,OXC-010,2025-02-01,627,157764.0,0.43,0
Realistic Baseline,OXC-010,2025-03-01,448,135954.0,0.14,0
Realistic Baseline,OXC-010,2025-04-01,529,193213.0,0.28,0
Realistic Baseline,OXC-010,2025-05-01,536,181164.0,0.22,0
Realistic Baseline,OXC-010,2025-06-01,685,211614.0,0.38,0
Realistic Baseline,OXC-010,2025-07-01,525,216925.0,0.44,0
Realistic Baseline,OXC-010,2025-08-01,500,186310.0,0.16,0
Realistic Baseline,OXC-010,2025-09-01,729,225921.0,0.34,0
Realistic Baseline,OXC-010,2025-10-01,578,173815.0,0.35,0
Realistic Baseline,OXC-010,2025-11-01,689,179879.0,0.32,0
Realistic Baseline,OXC-010,2025-12-01,941,179702.0,0.4,0
Realistic Baseline,OXC-010,2026-01-01,430,176251.0,0.52,1
Realistic Baseline,OXC-010,2026-02-01,465,172764.0,0.22,0
Realistic Baseline,OXC-010,2026-03-01,572,125265.0,0.29,0
Realistic Baseline,OXC-010,2026-04-01,538,178602.0,0.21,1
Realistic Baseline,OXC-010,2026-05-01,348,125887.0,0.44,0
Realistic Baseline,OXC-010,2026-06-01,883,212312.0,0.29,0
Realistic Baseline,OXC-010,2026-07-01,467,161017.0,0.24,0
Realistic Baseline,OXC-011,2024-08-01,958,231918.0,0.2,0
Realistic Baseline,OXC-011,2024-09-01,521,185893.0,0.35,0
Realistic Baseline,OXC-011,2024-10-01,1028,171458.0,0.47,0
Realistic Baseline,OXC-011,2024-11-01,384,135750.0,0.45,1
Realistic Baseline,OXC-011,2024-12-01,749,150712.0,0.49,0
Realistic Baseline,OXC-011,2025-01-01,313,127229.0,0.44,0
Realistic Baseline,OXC-011,2025-02-01,430,139080.0,0.41,0
Realistic Baseline,OXC-011,2025-03-01,743,121357.0,0.25,0
Realistic Baseline,OXC-011,2025-04-01,362,119823.0,0.23,0
Realistic Baseline,OXC-011,2025-05-01,328,102571.0,0.1,0
Realistic Baseline,OXC-011,2025-06-01,319,121559.0,0.41,0
Realistic Baseline,OXC-011,2025-07-01,363,103245.0,0.29,0
Realistic Baseline,OXC-011,2025-08-01,406,137647.0,0.32,0
Realistic Baseline,OXC-011,2025-09-01,326,118727.0,0.45,0
Realistic Baseline,OXC-011,2025-10-01,505,114498.0,0.33,0
Realistic Baseline,OXC-011,2025-11-01,391,150569.0,0.44,1
Realistic Baseline,OXC-011,2025-12-01,369,112223.0,0.27,1
Realistic Baseline,OXC-011,2026-01-01,358,141534.0,0.25,0
Realistic Baseline,OXC-011,2026-02-01,346,138152.0,0.36,0
Realistic Baseline,OXC-011,2026-03-01,465,125916.0,0.14,0
Realistic Baseline,OXC-011,2026-04-01,260,112858.0,0.34,0
Realistic Baseline,OXC-011,2026-05-01,486,104096.0,0.38,0
Realistic Baseline,OXC-011,2026-06-01,292,116381.0,0.1,0
Realistic Baseline,OXC-011,2026-07-01,344,104072.0,0.38,0
Realistic Baseline,OXC-012,2024-08-01,446,183241.0,0.28,0
Realistic Baseline,OXC-012,2024-09-01,339,139894.0,0.31,0
Realistic Baseline,OXC-012,2024-10-01,525,160067.0,0.3,0
Realistic Baseline,OXC-012,2024-11-01,1300,183438.0,0.34,1
Realistic Baseline,OXC-012,2024-12-01,652,169764.0,0.45,0
Realistic Baseline,OXC-012,2025-01-01,976,208745.0,0.25,0
Realistic Baseline,OXC-012,2025-02-01,668,226108.0,0.43,0
Realistic Baseline,OXC-012,2025-03-01,816,212256.0,0.49,0
Realistic Baseline,OXC-012,2025-04-01,815,247037.0,0.64,1
Realistic Baseline,OXC-012,2025-05-01,1322,267250.0,0.53,1
Realistic Baseline,OXC-012,2025-06-01,1102,252050.0,0.62,1
Realistic Baseline,OXC-012,2025-07-01,633,271050.0,0.41,0
Realistic Baseline,OXC-012,2025-08-01,1057,150785.0,0.29,0
Realistic Baseline,OXC-012,2025-09-01,1069,227852.0,0.22,0
Realistic Baseline,OXC-012,2025-10-01,454,148919.0,0.41,0
Realistic Baseline,OXC-012,2025-11-01,760,182320.0,0.36,0
Realistic Baseline,OXC-012,2025-12-01,519,175208.0,0.36,1
Realistic Baseline,OXC-012,2026-01-01,634,146621.0,0.39,0
Realistic Baseline,OXC-012,2026-02-01,374,161574.0,0.41,1
Realistic Baseline,OXC-012,2026-03-01,308,140493.0,0.11,0
Realistic Baseline,OXC-012,2026-04-01,374,141745.0,0.32,0
Realistic Baseline,OXC-012,2026-05-01,374,152376.0,0.4,0
Realistic Baseline,OXC-012,2026-06-01,663,101113.0,0.32,0
Realistic Baseline,OXC-012,2026-07-01,622,107037.0,0.51,0
Realistic Baseline,OXC-013,2024-08-01,900,192743.0,0.18,0
Realistic Baseline,OXC-013,2024-09-01,1028,227828.0,0.4,0
Realistic Baseline,OXC-013,2024-10-01,734,190470.0,0.47,0
Realistic Baseline,OXC-013,2024-11-01,549,215266.0,0.38,0
Realistic Baseline,OXC-013,2024-12-01,948,176718.0,0.16,0
Realistic Baseline,OXC-013,2025-01-01,682,168388.0,0.45,0
Realistic Baseline,OXC-013,2025-02-01,695,156366.0,0.38,0
Realistic Baseline,OXC-013,2025-03-01,793,156732.0,0.45,0
Realistic Baseline,OXC-013,2025-04-01,607,147427.0,0.43,0
Realistic Baseline,OXC-013,2025-05-01,713,142248.0,0.17,0
Realistic Baseline,OXC-013,2025-06-01,468,140183.0,0.41,0
Realistic Baseline,OXC-013,2025-07-01,442,193568.0,0.37,0
Realistic Baseline,OXC-013,2025-08-01,880,144856.0,0.43,0
Realistic Baseline,OXC-013,2025-09-01,544,135425.0,0.1,0
Realistic Baseline,OXC-013,2025-10-01,410,147865.0,0.44,0
Realistic Baseline,OXC-013,2025-11-01,370,151997.0,0.43,0
Realistic Baseline,OXC-013,2025-12-01,643,134132.0,0.36,0
Realistic Baseline,OXC-013,2026-01-01,371,149778.0,0.28,0
Realistic Baseline,OXC-013,2026-02-01,405,111877.0,0.29,0
Realistic Baseline,OXC-013,2026-03-01,751,154818.0,0.35,0
Realistic Baseline,OXC-013,2026-04-01,712,159134.0,0.2,1
Realistic Baseline,OXC-013,2026-05-01,840,164751.0,0.21,0
Realistic Baseline,OXC-013,2026-06-01,572,166244.0,0.37,0
Realistic Baseline,OXC-013,2026-07-01,668,172763.0,0.25,0
Realistic Baseline,OXC-014,2024-08-01,360,95329.0,0.45,0
Realistic Baseline,OXC-014,2024-09-01,443,98597.0,0.31,0
Realistic Baseline,OXC-014,2024-10-01,198,81077.0,0.41,0
Realistic Baseline,OXC-014,2024-11-01,379,69785.0,0.33,0
Realistic Baseline,OXC-014,2024-12-01,414,68641.0,0.34,0
Realistic Baseline,OXC-014,2025-01-01,292,75953.0,0.37,0
Realistic Baseline,OXC-014,2025-02-01,189,71120.0,0.37,0
Realistic Baseline,OXC-014,2025-03-01,214,59099.0,0.31,0
Realistic Baseline,OXC-014,2025-04-01,211,72447.0,0.31,0
Realistic Baseline,OXC-014,2025-05-01,349,67407.0,0.21,0
Realistic Baseline,OXC-014,2025-06-01,174,64277.0,0.36,0
Realistic Baseline,OXC-014,2025-07-01,138,64936.0,0.27,0
Realistic Baseline,OXC-014,2025-08-01,464,61637.0,0.28,0
Realistic Baseline,OXC-014,2025-09-01,307,67924.0,0.29,0
Realistic Baseline,OXC-014,2025-10-01,253,71446.0,0.13,0
Realistic Baseline,OXC-014,2025-11-01,396,71866.0,0.23,0
Realistic Baseline,OXC-014,2025-12-01,252,60539.0,0.36,0
Realistic Baseline,OXC-014,2026-01-01,230,77401.0,0.34,0
Realistic Baseline,OXC-014,2026-02-01,185,76810.0,0.36,0
Realistic Baseline,OXC-014,2026-03-01,190,64419.0,0.44,0
Realistic Baseline,OXC-014,2026-04-01,313,72526.0,0.19,0
Realistic Baseline,OXC-014,2026-05-01,429,75180.0,0.22,0
Realistic Baseline,OXC-014,2026-06-01,229,80055.0,0.28,0
Realistic Baseline,OXC-014,2026-07-01,331,91119.0,0.51,0
Realistic Baseline,OXC-015,2024-08-01,873,168562.0,0.33,0
Realistic Baseline,OXC-015,2024-09-01,393,139080.0,0.27,0
Realistic Baseline,OXC-015,2024-10-01,561,155426.0,0.25,0
Realistic Baseline,OXC-015,2024-11-01,469,124072.0,0.27,0
Realistic Baseline,OXC-015,2024-12-01,823,173580.0,0.58,0
Realistic Baseline,OXC-015,2025-01-01,1018,188135.0,0.15,0
Realistic Baseline,OXC-015,2025-02-01,443,158564.0,0.41,0
Realistic Baseline,OXC-015,2025-03-01,776,190544.0,0.32,0
Realistic Baseline,OXC-015,2025-04-01,472,145836.0,0.16,0
Realistic Baseline,OXC-015,2025-05-01,855,172771.0,0.54,0
Realistic Baseline,OXC-015,2025-06-01,583,140706.0,0.26,0
Realistic Baseline,OXC-015,2025-07-01,620,165083.0,0.22,0
Realistic Baseline,OXC-015,2025-08-01,936,124465.0,0.35,0
Realistic Baseline,OXC-015,2025-09-01,337,140940.0,0.31,0
Realistic Baseline,OXC-015,2025-10-01,413,113965.0,0.33,0
Realistic Baseline,OXC-015,2025-11-01,271,122466.0,0.18,0
Realistic Baseline,OXC-015,2025-12-01,599,86745.0,0.39,0
Realistic Baseline,OXC-015,2026-01-01,339,97112.0,0.32,0
Realistic Baseline,OXC-015,2026-02-01,464,127382.0,0.41,0
Realistic Baseline,OXC-015,2026-03-01,766,120360.0,0.22,0
Realistic Baseline,OXC-015,2026-04-01,288,95922.0,0.39,0
Realistic Baseline,OXC-015,2026-05-01,330,96388.0,0.32,0
Realistic Baseline,OXC-015,2026-06-01,319,111067.0,0.28,0
Realistic Baseline,OXC-015,2026-07-01,452,101091.0,0.51,0
"Stressed / Crisis (FX shock, drought, rate spike)",OXC-001,2024-08-01,771,146333.0,0.43,0
"Stressed / Crisis (FX shock, drought, rate spike)",OXC-001,2024-09-01,500,152822.0,0.27,0
"Stressed / Crisis (FX shock, drought, rate spike)",OXC-001,2024-10-01,494,159919.0,0.24,0
"Stressed / Crisis (FX shock, drought, rate spike)",OXC-001,2024-11-01,568,168966.0,0.54,0
"Stressed / Crisis (FX shock, drought, rate spike)",OXC-001,2024-12-01,554,241048.0,0.35,0
"Stressed / Crisis (FX shock, drought, rate spike)",OXC-001,2025-01-01,1025,222831.0,0.24,0
"Stressed / Crisis (FX shock, drought, rate spike)",OXC-001,2025-02-01,1068,194853.0,0.48,0
"Stressed / Crisis (FX shock, drought, rate spike)",OXC-001,2025-03-01,828,138477.0,0.49,0
"Stressed / Crisis (FX shock, drought, rate spike)",OXC-001,2025-04-01,889,189353.0,0.24,0
"Stressed / Crisis (FX shock, drought, rate spike)",OXC-001,2025-05-01,720,217756.0,0.54,0
"Stressed / Crisis (FX shock, drought, rate spike)",OXC-001,2025-06-01,732,260180.0,0.44,0
"Stressed / Crisis (FX shock, drought, rate spike)",OXC-001,2025-07-01,679,235838.0,0.35,0
"Stressed / Crisis (FX shock, drought, rate spike)",OXC-001,2025-08-01,583,182047.0,0.26,0
"Stressed / Crisis (FX shock, drought, rate spike)",OXC-001,2025-09-01,501,156721.0,0.48,0
"Stressed / Crisis (FX shock, drought, rate spike)",OXC-001,2025-10-01,436,186057.0,0.56,0
"Stressed / Crisis (FX shock, drought, rate spike)",OXC-001,2025-11-01,687,218127.0,0.29,0
"Stressed / Crisis (FX shock, drought, rate spike)",OXC-001,2025-12-01,724,190054.0,0.37,0
"Stressed / Crisis (FX shock, drought, rate spike)",OXC-001,2026-01-01,466,169995.0,0.19,0
"Stressed / Crisis (FX shock, drought, rate spike)",OXC-001,2026-02-01,808,273121.0,0.39,0
"Stressed / Crisis (FX shock, drought, rate spike)",OXC-001,2026-03-01,633,209549.0,0.1,0
"Stressed / Crisis (FX shock, drought, rate spike)",OXC-001,2026-04-01,787,210645.0,0.31,0
"Stressed / Crisis (FX shock, drought, rate spike)",OXC-001,2026-05-01,1150,383200.0,0.1,0
"Stressed / Crisis (FX shock, drought, rate spike)",OXC-001,2026-06-01,1167,289895.0,0.41,0
"Stressed / Crisis (FX shock, drought, rate spike)",OXC-001,2026-07-01,898,287686.0,0.32,0
"Stressed / Crisis (FX shock, drought, rate spike)",OXC-002,2024-08-01,168,26041.0,0.21,0
"Stressed / Crisis (FX shock, drought, rate spike)",OXC-002,2024-09-01,231,32910.0,0.26,0
"Stressed / Crisis (FX shock, drought, rate spike)",OXC-002,2024-10-01,77,29334.0,0.32,0
"Stressed / Crisis (FX shock, drought, rate spike)",OXC-002,2024-11-01,105,26364.0,0.27,0
"Stressed / Crisis (FX shock, drought, rate spike)",OXC-002,2024-12-01,177,34234.0,0.6,0
"Stressed / Crisis (FX shock, drought, rate spike)",OXC-002,2025-01-01,126,43697.0,0.41,0
"Stressed / Crisis (FX shock, drought, rate spike)",OXC-002,2025-02-01,131,39180.0,0.3,0
"Stressed / Crisis (FX shock, drought, rate spike)",OXC-002,2025-03-01,199,46436.0,0.49,0
"Stressed / Crisis (FX shock, drought, rate spike)",OXC-002,2025-04-01,177,63097.0,0.44,0
"Stressed / Crisis (FX shock, drought, rate spike)",OXC-002,2025-05-01,264,41451.0,0.35,0
"Stressed / Crisis (FX shock, drought, rate spike)",OXC-002,2025-06-01,239,66476.0,0.27,0
"Stressed / Crisis (FX shock, drought, rate spike)",OXC-002,2025-07-01,127,47550.0,0.54,0
"Stressed / Crisis (FX shock, drought, rate spike)",OXC-002,2025-08-01,318,52664.0,0.35,0
"Stressed / Crisis (FX shock, drought, rate spike)",OXC-002,2025-09-01,95,30335.0,0.49,0
"Stressed / Crisis (FX shock, drought, rate spike)",OXC-002,2025-10-01,196,33468.0,0.54,0
"Stressed / Crisis (FX shock, drought, rate spike)",OXC-002,2025-11-01,168,34849.0,0.53,0
"Stressed / Crisis (FX shock, drought, rate spike)",OXC-002,2025-12-01,147,31475.0,0.43,0
"Stressed / Crisis (FX shock, drought, rate spike)",OXC-002,2026-01-01,108,38308.0,0.21,0
"Stressed / Crisis (FX shock, drought, rate spike)",OXC-002,2026-02-01,115,35743.0,0.23,0
"Stressed / Crisis (FX shock, drought, rate spike)",OXC-002,2026-03-01,85,34798.0,0.4,0
"Stressed / Crisis (FX shock, drought, rate spike)",OXC-002,2026-04-01,112,32524.0,0.18,0
"Stressed / Crisis (FX shock, drought, rate spike)",OXC-002,2026-05-01,139,51238.0,0.43,0
"Stressed / Crisis (FX shock, drought, rate spike)",OXC-002,2026-06-01,158,37682.0,0.3,0
"Stressed / Crisis (FX shock, drought, rate spike)",OXC-002,2026-07-01,92,33904.0,0.54,0
"Stressed / Crisis (FX shock, drought, rate spike)",OXC-003,2024-08-01,793,100121.0,0.38,0
"Stressed / Crisis (FX shock, drought, rate spike)",OXC-003,2024-09-01,461,130909.0,0.25,1
"Stressed / Crisis (FX shock, drought, rate spike)",OXC-003,2024-10-01,494,166053.0,0.41,0
"Stressed / Crisis (FX shock, drought, rate spike)",OXC-003,2024-11-01,457,181499.0,0.1,0
"Stressed / Crisis (FX shock, drought, rate spike)",OXC-003,2024-12-01,945,236582.0,0.1,0
"Stressed / Crisis (FX shock, drought, rate spike)",OXC-003,2025-01-01,559,143171.0,0.37,0
"Stressed / Crisis (FX shock, drought, rate spike)",OXC-003,2025-02-01,861,274461.0,0.25,0
"Stressed / Crisis (FX shock, drought, rate spike)",OXC-003,2025-03-01,522,225077.0,0.24,0
"Stressed / Crisis (FX shock, drought, rate spike)",OXC-003,2025-04-01,1075,262627.0,0.31,0
"Stressed / Crisis (FX shock, drought, rate spike)",OXC-003,2025-05-01,577,191761.0,0.1,0
"Stressed / Crisis (FX shock, drought, rate spike)",OXC-003,2025-06-01,1189,215680.0,0.34,0
"Stressed / Crisis (FX shock, drought, rate spike)",OXC-003,2025-07-01,744,118236.0,0.1,0
"Stressed / Crisis (FX shock, drought, rate spike)",OXC-003,2025-08-01,1308,178314.0,0.57,0
"Stressed / Crisis (FX shock, drought, rate spike)",OXC-003,2025-09-01,570,176308.0,0.47,0
"Stressed / Crisis (FX shock, drought, rate spike)",OXC-003,2025-10-01,413,197009.0,0.26,0
"Stressed / Crisis (FX shock, drought, rate spike)",OXC-003,2025-11-01,501,203747.0,0.6,0
"Stressed / Crisis (FX shock, drought, rate spike)",OXC-003,2025-12-01,308,165696.0,0.13,0
"Stressed / Crisis (FX shock, drought, rate spike)",OXC-003,2026-01-01,631,137780.0,0.33,0
"Stressed / Crisis (FX shock, drought, rate spike)",OXC-003,2026-02-01,994,207637.0,0.18,0
"Stressed / Crisis (FX shock, drought, rate spike)",OXC-003,2026-03-01,827,157880.0,0.45,0
"Stressed / Crisis (FX shock, drought, rate spike)",OXC-003,2026-04-01,574,236531.0,0.49,0
"Stressed / Crisis (FX shock, drought, rate spike)",OXC-003,2026-05-01,493,212300.0,0.52,0
"Stressed / Crisis (FX shock, drought, rate spike)",OXC-003,2026-06-01,579,164306.0,0.25,0
"Stressed / Crisis (FX shock, drought, rate spike)",OXC-003,2026-07-01,950,236312.0,0.18,1
"Stressed / Crisis (FX shock, drought, rate spike)",OXC-004,2024-08-01,641,99619.0,0.16,0
"Stressed / Crisis (FX shock, drought, rate spike)",OXC-004,2024-09-01,263,67180.0,0.51,0
"Stressed / Crisis (FX shock, drought, rate spike)",OXC-004,2024-10-01,489,106974.0,0.3,0
"Stressed / Crisis (FX shock, drought, rate spike)",OXC-004,2024-11-01,236,108947.0,0.5,0
"Stressed / Crisis (FX shock, drought, rate spike)",OXC-004,2024-12-01,231,58262.0,0.52,0
"Stressed / Crisis (FX shock, drought, rate spike)",OXC-004,2025-01-01,389,96133.0,0.31,0
"Stressed / Crisis (FX shock, drought, rate spike)",OXC-004,2025-02-01,589,122253.0,0.53,0
"Stressed / Crisis (FX shock, drought, rate spike)",OXC-004,2025-03-01,740,99106.0,0.1,0
"Stressed / Crisis (FX shock, drought, rate spike)",OXC-004,2025-04-01,385,101183.0,0.6,0
"Stressed / Crisis (FX shock, drought, rate spike)",OXC-004,2025-05-01,504,114749.0,0.54,0
"Stressed / Crisis (FX shock, drought, rate spike)",OXC-004,2025-06-01,251,101519.0,0.66,0
"Stressed / Crisis (FX shock, drought, rate spike)",OXC-004,2025-07-01,526,102049.0,0.71,0
"Stressed / Crisis (FX shock, drought, rate spike)",OXC-004,2025-08-01,408,116129.0,0.96,0
"Stressed / Crisis (FX shock, drought, rate spike)",OXC-004,2025-09-01,344,70110.0,0.93,1
"Stressed / Crisis (FX shock, drought, rate spike)",OXC-004,2025-10-01,296,59997.0,0.93,0
"Stressed / Crisis (FX shock, drought, rate spike)",OXC-004,2025-11-01,141,39029.0,0.96,0
"Stressed / Crisis (FX shock, drought, rate spike)",OXC-004,2025-12-01,122,36703.0,0.96,1
"Stressed / Crisis (FX shock, drought, rate spike)",OXC-004,2026-01-01,92,42018.0,0.96,0
"Stressed / Crisis (FX shock, drought, rate spike)",OXC-004,2026-02-01,59,20008.0,0.96,0
"Stressed / Crisis (FX shock, drought, rate spike)",OXC-004,2026-03-01,83,29041.0,0.96,0
"Stressed / Crisis (FX shock, drought, rate spike)",OXC-004,2026-04-01,48,16765.0,0.96,0
"Stressed / Crisis (FX shock, drought, rate spike)",OXC-004,2026-05-01,94,14882.0,0.96,1
"Stressed / Crisis (FX shock, drought, rate spike)",OXC-004,2026-06-01,58,13082.0,0.96,1
"Stressed / Crisis (FX shock, drought, rate spike)",OXC-004,2026-07-01,29,10353.0,0.96,1
"Stressed / Crisis (FX shock, drought, rate spike)",OXC-005,2024-08-01,780,183318.0,0.33,0
"Stressed / Crisis (FX shock, drought, rate spike)",OXC-005,2024-09-01,581,122214.0,0.45,0
"Stressed / Crisis (FX shock, drought, rate spike)",OXC-005,2024-10-01,976,166222.0,0.27,0
"Stressed / Crisis (FX shock, drought, rate spike)",OXC-005,2024-11-01,992,202273.0,0.31,0
"Stressed / Crisis (FX shock, drought, rate spike)",OXC-005,2024-12-01,603,252916.0,0.33,0
"Stressed / Crisis (FX shock, drought, rate spike)",OXC-005,2025-01-01,408,160553.0,0.4,0
"Stressed / Crisis (FX shock, drought, rate spike)",OXC-005,2025-02-01,388,140992.0,0.29,0
"Stressed / Crisis (FX shock, drought, rate spike)",OXC-005,2025-03-01,254,121341.0,0.38,0
"Stressed / Crisis (FX shock, drought, rate spike)",OXC-005,2025-04-01,473,211720.0,0.13,0
"Stressed / Crisis (FX shock, drought, rate spike)",OXC-005,2025-05-01,431,134638.0,0.51,0
"Stressed / Crisis (FX shock, drought, rate spike)",OXC-005,2025-06-01,927,100684.0,0.1,0
"Stressed / Crisis (FX shock, drought, rate spike)",OXC-005,2025-07-01,526,115515.0,0.23,0
"Stressed / Crisis (FX shock, drought, rate spike)",OXC-005,2025-08-01,391,89845.0,0.45,0
"Stressed / Crisis (FX shock, drought, rate spike)",OXC-005,2025-09-01,420,99978.0,0.2,0
"Stressed / Crisis (FX shock, drought, rate spike)",OXC-005,2025-10-01,302,64185.0,0.17,0
"Stressed / Crisis (FX shock, drought, rate spike)",OXC-005,2025-11-01,311,104427.0,0.55,0
"Stressed / Crisis (FX shock, drought, rate spike)",OXC-005,2025-12-01,298,134682.0,0.28,0
"Stressed / Crisis (FX shock, drought, rate spike)",OXC-005,2026-01-01,313,87821.0,0.4,0
"Stressed / Crisis (FX shock, drought, rate spike)",OXC-005,2026-02-01,290,129925.0,0.48,0
"Stressed / Crisis (FX shock, drought, rate spike)",OXC-005,2026-03-01,332,131468.0,0.38,0
"Stressed / Crisis (FX shock, drought, rate spike)",OXC-005,2026-04-01,197,100050.0,0.16,0
"Stressed / Crisis (FX shock, drought, rate spike)",OXC-005,2026-05-01,340,112931.0,0.48,1
"Stressed / Crisis (FX shock, drought, rate spike)",OXC-005,2026-06-01,534,95195.0,0.26,0
"Stressed / Crisis (FX shock, drought, rate spike)",OXC-005,2026-07-01,397,109470.0,0.46,1
"Stressed / Crisis (FX shock, drought, rate spike)",OXC-006,2024-08-01,277,97528.0,0.35,0
"Stressed / Crisis (FX shock, drought, rate spike)",OXC-006,2024-09-01,229,97773.0,0.16,0
"Stressed / Crisis (FX shock, drought, rate spike)",OXC-006,2024-10-01,287,125635.0,0.25,0
"Stressed / Crisis (FX shock, drought, rate spike)",OXC-006,2024-11-01,312,98793.0,0.31,0
"Stressed / Crisis (FX shock, drought, rate spike)",OXC-006,2024-12-01,898,148518.0,0.26,0
"Stressed / Crisis (FX shock, drought, rate spike)",OXC-006,2025-01-01,397,123173.0,0.3,0
"Stressed / Crisis (FX shock, drought, rate spike)",OXC-006,2025-02-01,368,101150.0,0.34,0
"Stressed / Crisis (FX shock, drought, rate spike)",OXC-006,2025-03-01,451,97657.0,0.59,1
"Stressed / Crisis (FX shock, drought, rate spike)",OXC-006,2025-04-01,317,60641.0,0.65,0
"Stressed / Crisis (FX shock, drought, rate spike)",OXC-006,2025-05-01,142,41872.0,0.73,0
"Stressed / Crisis (FX shock, drought, rate spike)",OXC-006,2025-06-01,150,39256.0,0.94,0
"Stressed / Crisis (FX shock, drought, rate spike)",OXC-006,2025-07-01,108,44746.0,0.96,0
"Stressed / Crisis (FX shock, drought, rate spike)",OXC-006,2025-08-01,325,68597.0,0.96,0
"Stressed / Crisis (FX shock, drought, rate spike)",OXC-006,2025-09-01,194,41411.0,0.96,0
"Stressed / Crisis (FX shock, drought, rate spike)",OXC-006,2025-10-01,197,35854.0,0.96,1
"Stressed / Crisis (FX shock, drought, rate spike)",OXC-006,2025-11-01,163,29865.0,0.96,0
"Stressed / Crisis (FX shock, drought, rate spike)",OXC-006,2025-12-01,67,15776.0,0.96,1
"Stressed / Crisis (FX shock, drought, rate spike)",OXC-006,2026-01-01,28,11461.0,0.96,1
"Stressed / Crisis (FX shock, drought, rate spike)",OXC-006,2026-02-01,27,5814.0,0.96,1
"Stressed / Crisis (FX shock, drought, rate spike)",OXC-006,2026-03-01,16,5164.0,0.96,1
"Stressed / Crisis (FX shock, drought, rate spike)",OXC-006,2026-04-01,9,2827.0,0.96,1
"Stressed / Crisis (FX shock, drought, rate spike)",OXC-006,2026-05-01,19,2960.0,0.96,0
"Stressed / Crisis (FX shock, drought, rate spike)",OXC-006,2026-06-01,14,2958.0,0.96,1
"Stressed / Crisis (FX shock, drought, rate spike)",OXC-006,2026-07-01,17,2636.0,0.96,1
"Stressed / Crisis (FX shock, drought, rate spike)",OXC-007,2024-08-01,503,177427.0,0.29,0
"Stressed / Crisis (FX shock, drought, rate spike)",OXC-007,2024-09-01,543,132011.0,0.32,0
"Stressed / Crisis (FX shock, drought, rate spike)",OXC-007,2024-10-01,250,87349.0,0.39,0
"Stressed / Crisis (FX shock, drought, rate spike)",OXC-007,2024-11-01,292,89720.0,0.29,0
"Stressed / Crisis (FX shock, drought, rate spike)",OXC-007,2024-12-01,502,81559.0,0.38,0
"Stressed / Crisis (FX shock, drought, rate spike)",OXC-007,2025-01-01,429,70814.0,0.39,0
"Stressed / Crisis (FX shock, drought, rate spike)",OXC-007,2025-02-01,169,59593.0,0.45,0
"Stressed / Crisis (FX shock, drought, rate spike)",OXC-007,2025-03-01,161,47994.0,0.67,0
"Stressed / Crisis (FX shock, drought, rate spike)",OXC-007,2025-04-01,174,48299.0,0.89,0
"Stressed / Crisis (FX shock, drought, rate spike)",OXC-007,2025-05-01,149,39988.0,0.91,0
"Stressed / Crisis (FX shock, drought, rate spike)",OXC-007,2025-06-01,157,27278.0,0.69,0
"Stressed / Crisis (FX shock, drought, rate spike)",OXC-007,2025-07-01,91,35884.0,0.96,0
"Stressed / Crisis (FX shock, drought, rate spike)",OXC-007,2025-08-01,206,29169.0,0.69,1
"Stressed / Crisis (FX shock, drought, rate spike)",OXC-007,2025-09-01,99,18185.0,0.96,0
"Stressed / Crisis (FX shock, drought, rate spike)",OXC-007,2025-10-01,105,21083.0,0.96,0
"Stressed / Crisis (FX shock, drought, rate spike)",OXC-007,2025-11-01,19,8855.0,0.96,1
"Stressed / Crisis (FX shock, drought, rate spike)",OXC-007,2025-12-01,18,7691.0,0.96,0
"Stressed / Crisis (FX shock, drought, rate spike)",OXC-007,2026-01-01,11,4471.0,0.96,0
"Stressed / Crisis (FX shock, drought, rate spike)",OXC-007,2026-02-01,21,4606.0,0.96,1
"Stressed / Crisis (FX shock, drought, rate spike)",OXC-007,2026-03-01,16,3131.0,0.96,0
"Stressed / Crisis (FX shock, drought, rate spike)",OXC-007,2026-04-01,8,3690.0,0.96,1
"Stressed / Crisis (FX shock, drought, rate spike)",OXC-007,2026-05-01,8,2420.0,0.96,1
"Stressed / Crisis (FX shock, drought, rate spike)",OXC-007,2026-06-01,13,3038.0,0.96,1
"Stressed / Crisis (FX shock, drought, rate spike)",OXC-007,2026-07-01,10,2316.0,0.96,0
"Stressed / Crisis (FX shock, drought, rate spike)",OXC-008,2024-08-01,455,133360.0,0.49,0
"Stressed / Crisis (FX shock, drought, rate spike)",OXC-008,2024-09-01,518,214933.0,0.1,0
"Stressed / Crisis (FX shock, drought, rate spike)",OXC-008,2024-10-01,359,130756.0,0.38,0
"Stressed / Crisis (FX shock, drought, rate spike)",OXC-008,2024-11-01,811,127861.0,0.41,0
"Stressed / Crisis (FX shock, drought, rate spike)",OXC-008,2024-12-01,320,129976.0,0.38,0
"Stressed / Crisis (FX shock, drought, rate spike)",OXC-008,2025-01-01,331,104512.0,0.25,0
"Stressed / Crisis (FX shock, drought, rate spike)",OXC-008,2025-02-01,594,135303.0,0.43,0
"Stressed / Crisis (FX shock, drought, rate spike)",OXC-008,2025-03-01,484,81170.0,0.39,0
"Stressed / Crisis (FX shock, drought, rate spike)",OXC-008,2025-04-01,192,84750.0,0.5,1
"Stressed / Crisis (FX shock, drought, rate spike)",OXC-008,2025-05-01,353,75256.0,0.47,0
"Stressed / Crisis (FX shock, drought, rate spike)",OXC-008,2025-06-01,209,84623.0,0.59,0
"Stressed / Crisis (FX shock, drought, rate spike)",OXC-008,2025-07-01,192,65882.0,0.29,0
"Stressed / Crisis (FX shock, drought, rate spike)",OXC-008,2025-08-01,203,61000.0,0.27,0
"Stressed / Crisis (FX shock, drought, rate spike)",OXC-008,2025-09-01,539,76160.0,0.42,1
"Stressed / Crisis (FX shock, drought, rate spike)",OXC-008,2025-10-01,213,77603.0,0.1,0
"Stressed / Crisis (FX shock, drought, rate spike)",OXC-008,2025-11-01,418,55456.0,0.21,0
"Stressed / Crisis (FX shock, drought, rate spike)",OXC-008,2025-12-01,169,66740.0,0.52,0
"Stressed / Crisis (FX shock, drought, rate spike)",OXC-008,2026-01-01,191,84252.0,0.18,0
"Stressed / Crisis (FX shock, drought, rate spike)",OXC-008,2026-02-01,152,57770.0,0.54,0
"Stressed / Crisis (FX shock, drought, rate spike)",OXC-008,2026-03-01,339,95208.0,0.33,0
"Stressed / Crisis (FX shock, drought, rate spike)",OXC-008,2026-04-01,268,122864.0,0.48,0
"Stressed / Crisis (FX shock, drought, rate spike)",OXC-008,2026-05-01,296,85016.0,0.33,0
"Stressed / Crisis (FX shock, drought, rate spike)",OXC-008,2026-06-01,396,112191.0,0.1,0
"Stressed / Crisis (FX shock, drought, rate spike)",OXC-008,2026-07-01,524,118275.0,0.22,0
"Stressed / Crisis (FX shock, drought, rate spike)",OXC-009,2024-08-01,392,56639.0,0.28,0
"Stressed / Crisis (FX shock, drought, rate spike)",OXC-009,2024-09-01,106,37872.0,0.22,0
"Stressed / Crisis (FX shock, drought, rate spike)",OXC-009,2024-10-01,162,50283.0,0.29,0
"Stressed / Crisis (FX shock, drought, rate spike)",OXC-009,2024-11-01,260,44900.0,0.23,0
"Stressed / Crisis (FX shock, drought, rate spike)",OXC-009,2024-12-01,166,38534.0,0.15,1
"Stressed / Crisis (FX shock, drought, rate spike)",OXC-009,2025-01-01,128,30489.0,0.1,0
"Stressed / Crisis (FX shock, drought, rate spike)",OXC-009,2025-02-01,116,43105.0,0.46,0
"Stressed / Crisis (FX shock, drought, rate spike)",OXC-009,2025-03-01,297,56855.0,0.21,0
"Stressed / Crisis (FX shock, drought, rate spike)",OXC-009,2025-04-01,109,35678.0,0.41,0
"Stressed / Crisis (FX shock, drought, rate spike)",OXC-009,2025-05-01,232,37947.0,0.42,0
"Stressed / Crisis (FX shock, drought, rate spike)",OXC-009,2025-06-01,162,64460.0,0.3,0
"Stressed / Crisis (FX shock, drought, rate spike)",OXC-009,2025-07-01,183,51130.0,0.1,0
"Stressed / Crisis (FX shock, drought, rate spike)",OXC-009,2025-08-01,100,35437.0,0.48,0
"Stressed / Crisis (FX shock, drought, rate spike)",OXC-009,2025-09-01,210,61571.0,0.21,0
"Stressed / Crisis (FX shock, drought, rate spike)",OXC-009,2025-10-01,272,52719.0,0.22,0
"Stressed / Crisis (FX shock, drought, rate spike)",OXC-009,2025-11-01,219,40213.0,0.25,0
"Stressed / Crisis (FX shock, drought, rate spike)",OXC-009,2025-12-01,239,51771.0,0.7,0
"Stressed / Crisis (FX shock, drought, rate spike)",OXC-009,2026-01-01,129,41501.0,0.53,0
"Stressed / Crisis (FX shock, drought, rate spike)",OXC-009,2026-02-01,178,61739.0,0.61,1
"Stressed / Crisis (FX shock, drought, rate spike)",OXC-009,2026-03-01,215,61610.0,0.89,0
"Stressed / Crisis (FX shock, drought, rate spike)",OXC-009,2026-04-01,261,48016.0,0.93,0
"Stressed / Crisis (FX shock, drought, rate spike)",OXC-009,2026-05-01,111,40602.0,0.89,0
"Stressed / Crisis (FX shock, drought, rate spike)",OXC-009,2026-06-01,88,40415.0,0.74,1
"Stressed / Crisis (FX shock, drought, rate spike)",OXC-009,2026-07-01,207,24435.0,0.96,1
"Stressed / Crisis (FX shock, drought, rate spike)",OXC-010,2024-08-01,400,88068.0,0.38,0
"Stressed / Crisis (FX shock, drought, rate spike)",OXC-010,2024-09-01,211,78116.0,0.44,0
"Stressed / Crisis (FX shock, drought, rate spike)",OXC-010,2024-10-01,288,95469.0,0.32,0
"Stressed / Crisis (FX shock, drought, rate spike)",OXC-010,2024-11-01,382,116780.0,0.31,0
"Stressed / Crisis (FX shock, drought, rate spike)",OXC-010,2024-12-01,229,90625.0,0.29,0
"Stressed / Crisis (FX shock, drought, rate spike)",OXC-010,2025-01-01,464,77838.0,0.32,0
"Stressed / Crisis (FX shock, drought, rate spike)",OXC-010,2025-02-01,638,68805.0,0.31,0
"Stressed / Crisis (FX shock, drought, rate spike)",OXC-010,2025-03-01,516,71485.0,0.24,0
"Stressed / Crisis (FX shock, drought, rate spike)",OXC-010,2025-04-01,622,114653.0,0.64,0
"Stressed / Crisis (FX shock, drought, rate spike)",OXC-010,2025-05-01,315,112379.0,0.42,0
"Stressed / Crisis (FX shock, drought, rate spike)",OXC-010,2025-06-01,335,120783.0,0.18,0
"Stressed / Crisis (FX shock, drought, rate spike)",OXC-010,2025-07-01,663,104037.0,0.49,1
"Stressed / Crisis (FX shock, drought, rate spike)",OXC-010,2025-08-01,414,123427.0,0.23,0
"Stressed / Crisis (FX shock, drought, rate spike)",OXC-010,2025-09-01,224,85148.0,0.75,0
"Stressed / Crisis (FX shock, drought, rate spike)",OXC-010,2025-10-01,244,74056.0,0.86,0
"Stressed / Crisis (FX shock, drought, rate spike)",OXC-010,2025-11-01,131,55103.0,0.77,0
"Stressed / Crisis (FX shock, drought, rate spike)",OXC-010,2025-12-01,90,26843.0,0.96,0
"Stressed / Crisis (FX shock, drought, rate spike)",OXC-010,2026-01-01,108,34328.0,0.89,0
"Stressed / Crisis (FX shock, drought, rate spike)",OXC-010,2026-02-01,116,34002.0,0.96,0
"Stressed / Crisis (FX shock, drought, rate spike)",OXC-010,2026-03-01,118,24411.0,0.96,0
"Stressed / Crisis (FX shock, drought, rate spike)",OXC-010,2026-04-01,116,22387.0,0.96,0
"Stressed / Crisis (FX shock, drought, rate spike)",OXC-010,2026-05-01,37,11221.0,0.96,0
"Stressed / Crisis (FX shock, drought, rate spike)",OXC-010,2026-06-01,29,9857.0,0.96,1
"Stressed / Crisis (FX shock, drought, rate spike)",OXC-010,2026-07-01,42,8093.0,0.96,1
"Stressed / Crisis (FX shock, drought, rate spike)",OXC-011,2024-08-01,254,63520.0,0.33,0
"Stressed / Crisis (FX shock, drought, rate spike)",OXC-011,2024-09-01,128,35456.0,0.47,0
"Stressed / Crisis (FX shock, drought, rate spike)",OXC-011,2024-10-01,303,67661.0,0.24,0
"Stressed / Crisis (FX shock, drought, rate spike)",OXC-011,2024-11-01,373,75157.0,0.48,0
"Stressed / Crisis (FX shock, drought, rate spike)",OXC-011,2024-12-01,203,59067.0,0.16,0
"Stressed / Crisis (FX shock, drought, rate spike)",OXC-011,2025-01-01,186,65527.0,0.1,0
"Stressed / Crisis (FX shock, drought, rate spike)",OXC-011,2025-02-01,154,37121.0,0.25,0
"Stressed / Crisis (FX shock, drought, rate spike)",OXC-011,2025-03-01,303,76950.0,0.26,0
"Stressed / Crisis (FX shock, drought, rate spike)",OXC-011,2025-04-01,167,44869.0,0.21,0
"Stressed / Crisis (FX shock, drought, rate spike)",OXC-011,2025-05-01,163,55793.0,0.45,0
"Stressed / Crisis (FX shock, drought, rate spike)",OXC-011,2025-06-01,235,63676.0,0.85,0
"Stressed / Crisis (FX shock, drought, rate spike)",OXC-011,2025-07-01,100,24860.0,0.56,0
"Stressed / Crisis (FX shock, drought, rate spike)",OXC-011,2025-08-01,176,31182.0,0.96,1
"Stressed / Crisis (FX shock, drought, rate spike)",OXC-011,2025-09-01,154,28752.0,0.93,1
"Stressed / Crisis (FX shock, drought, rate spike)",OXC-011,2025-10-01,107,16380.0,0.67,0
"Stressed / Crisis (FX shock, drought, rate spike)",OXC-011,2025-11-01,55,18550.0,0.96,1
"Stressed / Crisis (FX shock, drought, rate spike)",OXC-011,2025-12-01,51,13225.0,0.93,0
"Stressed / Crisis (FX shock, drought, rate spike)",OXC-011,2026-01-01,36,11080.0,0.96,1
"Stressed / Crisis (FX shock, drought, rate spike)",OXC-011,2026-02-01,26,6994.0,0.96,0
"Stressed / Crisis (FX shock, drought, rate spike)",OXC-011,2026-03-01,10,4330.0,0.96,1
"Stressed / Crisis (FX shock, drought, rate spike)",OXC-011,2026-04-01,18,4573.0,0.96,0
"Stressed / Crisis (FX shock, drought, rate spike)",OXC-011,2026-05-01,15,2666.0,0.96,1
"Stressed / Crisis (FX shock, drought, rate spike)",OXC-011,2026-06-01,7,3081.0,0.96,0
"Stressed / Crisis (FX shock, drought, rate spike)",OXC-011,2026-07-01,11,3349.0,0.96,0
"Stressed / Crisis (FX shock, drought, rate spike)",OXC-012,2024-08-01,292,136512.0,0.1,0
"Stressed / Crisis (FX shock, drought, rate spike)",OXC-012,2024-09-01,261,96153.0,0.1,1
"Stressed / Crisis (FX shock, drought, rate spike)",OXC-012,2024-10-01,466,109507.0,0.55,0
"Stressed / Crisis (FX shock, drought, rate spike)",OXC-012,2024-11-01,789,129586.0,0.49,0
"Stressed / Crisis (FX shock, drought, rate spike)",OXC-012,2024-12-01,434,76893.0,0.19,0
"Stressed / Crisis (FX shock, drought, rate spike)",OXC-012,2025-01-01,677,108253.0,0.39,0
"Stressed / Crisis (FX shock, drought, rate spike)",OXC-012,2025-02-01,578,131717.0,0.62,0
"Stressed / Crisis (FX shock, drought, rate spike)",OXC-012,2025-03-01,645,195532.0,0.43,0
"Stressed / Crisis (FX shock, drought, rate spike)",OXC-012,2025-04-01,289,88571.0,0.51,0
"Stressed / Crisis (FX shock, drought, rate spike)",OXC-012,2025-05-01,308,98490.0,0.43,0
"Stressed / Crisis (FX shock, drought, rate spike)",OXC-012,2025-06-01,394,130336.0,0.37,0
"Stressed / Crisis (FX shock, drought, rate spike)",OXC-012,2025-07-01,497,134319.0,0.51,0
"Stressed / Crisis (FX shock, drought, rate spike)",OXC-012,2025-08-01,597,144695.0,0.41,0
"Stressed / Crisis (FX shock, drought, rate spike)",OXC-012,2025-09-01,646,173515.0,0.25,0
"Stressed / Crisis (FX shock, drought, rate spike)",OXC-012,2025-10-01,339,125593.0,0.35,0
"Stressed / Crisis (FX shock, drought, rate spike)",OXC-012,2025-11-01,619,130948.0,0.3,0
"Stressed / Crisis (FX shock, drought, rate spike)",OXC-012,2025-12-01,391,102447.0,0.36,0
"Stressed / Crisis (FX shock, drought, rate spike)",OXC-012,2026-01-01,592,188209.0,0.33,0
"Stressed / Crisis (FX shock, drought, rate spike)",OXC-012,2026-02-01,593,134138.0,0.47,0
"Stressed / Crisis (FX shock, drought, rate spike)",OXC-012,2026-03-01,521,138472.0,0.1,0
"Stressed / Crisis (FX shock, drought, rate spike)",OXC-012,2026-04-01,814,109918.0,0.17,0
"Stressed / Crisis (FX shock, drought, rate spike)",OXC-012,2026-05-01,809,124130.0,0.24,0
"Stressed / Crisis (FX shock, drought, rate spike)",OXC-012,2026-06-01,710,155040.0,0.43,0
"Stressed / Crisis (FX shock, drought, rate spike)",OXC-012,2026-07-01,417,110971.0,0.43,0
"Stressed / Crisis (FX shock, drought, rate spike)",OXC-013,2024-08-01,654,189151.0,0.64,0
"Stressed / Crisis (FX shock, drought, rate spike)",OXC-013,2024-09-01,874,184212.0,0.1,0
"Stressed / Crisis (FX shock, drought, rate spike)",OXC-013,2024-10-01,756,198241.0,0.37,0
"Stressed / Crisis (FX shock, drought, rate spike)",OXC-013,2024-11-01,790,200415.0,0.18,0
"Stressed / Crisis (FX shock, drought, rate spike)",OXC-013,2024-12-01,568,242501.0,0.37,0
"Stressed / Crisis (FX shock, drought, rate spike)",OXC-013,2025-01-01,879,252454.0,0.32,0
"Stressed / Crisis (FX shock, drought, rate spike)",OXC-013,2025-02-01,965,176295.0,0.44,1
"Stressed / Crisis (FX shock, drought, rate spike)",OXC-013,2025-03-01,503,198816.0,0.45,1
"Stressed / Crisis (FX shock, drought, rate spike)",OXC-013,2025-04-01,399,178432.0,0.56,1
"Stressed / Crisis (FX shock, drought, rate spike)",OXC-013,2025-05-01,585,188242.0,0.8,0
"Stressed / Crisis (FX shock, drought, rate spike)",OXC-013,2025-06-01,732,278851.0,0.7,0
"Stressed / Crisis (FX shock, drought, rate spike)",OXC-013,2025-07-01,1472,333081.0,0.38,0
"Stressed / Crisis (FX shock, drought, rate spike)",OXC-013,2025-08-01,919,360420.0,0.31,0
"Stressed / Crisis (FX shock, drought, rate spike)",OXC-013,2025-09-01,1331,226417.0,0.36,0
"Stressed / Crisis (FX shock, drought, rate spike)",OXC-013,2025-10-01,2090,289132.0,0.61,0
"Stressed / Crisis (FX shock, drought, rate spike)",OXC-013,2025-11-01,1888,572817.0,0.36,0
"Stressed / Crisis (FX shock, drought, rate spike)",OXC-013,2025-12-01,1278,475302.0,0.14,0
"Stressed / Crisis (FX shock, drought, rate spike)",OXC-013,2026-01-01,2013,397090.0,0.19,0
"Stressed / Crisis (FX shock, drought, rate spike)",OXC-013,2026-02-01,1327,355740.0,0.43,0
"Stressed / Crisis (FX shock, drought, rate spike)",OXC-013,2026-03-01,837,359735.0,0.27,1
"Stressed / Crisis (FX shock, drought, rate spike)",OXC-013,2026-04-01,2792,555094.0,0.32,0
"Stressed / Crisis (FX shock, drought, rate spike)",OXC-013,2026-05-01,1783,373727.0,0.11,1
"Stressed / Crisis (FX shock, drought, rate spike)",OXC-013,2026-06-01,1328,423412.0,0.23,0
"Stressed / Crisis (FX shock, drought, rate spike)",OXC-013,2026-07-01,1795,356326.0,0.23,0
"Stressed / Crisis (FX shock, drought, rate spike)",OXC-014,2024-08-01,181,68988.0,0.38,0
"Stressed / Crisis (FX shock, drought, rate spike)",OXC-014,2024-09-01,433,63141.0,0.3,0
"Stressed / Crisis (FX shock, drought, rate spike)",OXC-014,2024-10-01,377,104270.0,0.53,0
"Stressed / Crisis (FX shock, drought, rate spike)",OXC-014,2024-11-01,349,109638.0,0.47,0
"Stressed / Crisis (FX shock, drought, rate spike)",OXC-014,2024-12-01,220,87415.0,0.59,0
"Stressed / Crisis (FX shock, drought, rate spike)",OXC-014,2025-01-01,252,86393.0,0.14,0
"Stressed / Crisis (FX shock, drought, rate spike)",OXC-014,2025-02-01,402,98140.0,0.1,0
"Stressed / Crisis (FX shock, drought, rate spike)",OXC-014,2025-03-01,372,103425.0,0.4,0
"Stressed / Crisis (FX shock, drought, rate spike)",OXC-014,2025-04-01,284,81293.0,0.51,0
"Stressed / Crisis (FX shock, drought, rate spike)",OXC-014,2025-05-01,370,61800.0,0.64,1
"Stressed / Crisis (FX shock, drought, rate spike)",OXC-014,2025-06-01,256,85810.0,0.64,0
"Stressed / Crisis (FX shock, drought, rate spike)",OXC-014,2025-07-01,407,54975.0,0.6,0
"Stressed / Crisis (FX shock, drought, rate spike)",OXC-014,2025-08-01,135,45693.0,0.34,0
"Stressed / Crisis (FX shock, drought, rate spike)",OXC-014,2025-09-01,232,45000.0,0.33,0
"Stressed / Crisis (FX shock, drought, rate spike)",OXC-014,2025-10-01,207,65506.0,0.39,0
"Stressed / Crisis (FX shock, drought, rate spike)",OXC-014,2025-11-01,309,35437.0,0.27,0
"Stressed / Crisis (FX shock, drought, rate spike)",OXC-014,2025-12-01,96,38169.0,0.39,0
"Stressed / Crisis (FX shock, drought, rate spike)",OXC-014,2026-01-01,179,67176.0,0.32,0
"Stressed / Crisis (FX shock, drought, rate spike)",OXC-014,2026-02-01,232,43773.0,0.35,0
"Stressed / Crisis (FX shock, drought, rate spike)",OXC-014,2026-03-01,152,42869.0,0.4,0
"Stressed / Crisis (FX shock, drought, rate spike)",OXC-014,2026-04-01,131,41266.0,0.37,0
"Stressed / Crisis (FX shock, drought, rate spike)",OXC-014,2026-05-01,115,38197.0,0.53,0
"Stressed / Crisis (FX shock, drought, rate spike)",OXC-014,2026-06-01,174,36067.0,0.16,0
"Stressed / Crisis (FX shock, drought, rate spike)",OXC-014,2026-07-01,109,34825.0,0.31,0
"Stressed / Crisis (FX shock, drought, rate spike)",OXC-015,2024-08-01,251,71224.0,0.23,0
"Stressed / Crisis (FX shock, drought, rate spike)",OXC-015,2024-09-01,141,54346.0,0.1,0
"Stressed / Crisis (FX shock, drought, rate spike)",OXC-015,2024-10-01,170,49207.0,0.33,0
"Stressed / Crisis (FX shock, drought, rate spike)",OXC-015,2024-11-01,245,49039.0,0.25,1
"Stressed / Crisis (FX shock, drought, rate spike)",OXC-015,2024-12-01,218,83768.0,0.35,0
"Stressed / Crisis (FX shock, drought, rate spike)",OXC-015,2025-01-01,249,86101.0,0.1,0
"Stressed / Crisis (FX shock, drought, rate spike)",OXC-015,2025-02-01,209,66506.0,0.6,0
"Stressed / Crisis (FX shock, drought, rate spike)",OXC-015,2025-03-01,286,73666.0,0.37,0
"Stressed / Crisis (FX shock, drought, rate spike)",OXC-015,2025-04-01,160,41885.0,0.6,0
"Stressed / Crisis (FX shock, drought, rate spike)",OXC-015,2025-05-01,244,36151.0,0.55,0
"Stressed / Crisis (FX shock, drought, rate spike)",OXC-015,2025-06-01,236,45479.0,0.76,1
"Stressed / Crisis (FX shock, drought, rate spike)",OXC-015,2025-07-01,145,41189.0,0.84,1
"Stressed / Crisis (FX shock, drought, rate spike)",OXC-015,2025-08-01,233,38291.0,0.61,0
"Stressed / Crisis (FX shock, drought, rate spike)",OXC-015,2025-09-01,85,29392.0,0.96,1
"Stressed / Crisis (FX shock, drought, rate spike)",OXC-015,2025-10-01,159,47089.0,0.96,0
"Stressed / Crisis (FX shock, drought, rate spike)",OXC-015,2025-11-01,127,21096.0,0.96,0
"Stressed / Crisis (FX shock, drought, rate spike)",OXC-015,2025-12-01,67,24515.0,0.96,0
"Stressed / Crisis (FX shock, drought, rate spike)",OXC-015,2026-01-01,57,16955.0,0.96,0
"Stressed / Crisis (FX shock, drought, rate spike)",OXC-015,2026-02-01,27,8851.0,0.96,1
"Stressed / Crisis (FX shock, drought, rate spike)",OXC-015,2026-03-01,23,5108.0,0.96,0
"Stressed / Crisis (FX shock, drought, rate spike)",OXC-015,2026-04-01,15,3864.0,0.96,0
"Stressed / Crisis (FX shock, drought, rate spike)",OXC-015,2026-05-01,22,3828.0,0.96,0
"Stressed / Crisis (FX shock, drought, rate spike)",OXC-015,2026-06-01,8,1955.0,0.96,0
"Stressed / Crisis (FX shock, drought, rate spike)",OXC-015,2026-07-01,7,2729.0,0.96,0
